# ************************************************************
# Sequel Pro SQL dump
# Version 4541
#
# http://www.sequelpro.com/
# https://github.com/sequelpro/sequelpro
#
# Host: 39.106.23.44 (MySQL 5.6.32-log)
# Database: blog
# Generation Time: 2018-02-22 02:21:10 +0000
# ************************************************************


/*!40101 SET @OLD_CHARACTER_SET_CLIENT=@@CHARACTER_SET_CLIENT */;
/*!40101 SET @OLD_CHARACTER_SET_RESULTS=@@CHARACTER_SET_RESULTS */;
/*!40101 SET @OLD_COLLATION_CONNECTION=@@COLLATION_CONNECTION */;
/*!40101 SET NAMES utf8 */;
/*!40014 SET @OLD_FOREIGN_KEY_CHECKS=@@FOREIGN_KEY_CHECKS, FOREIGN_KEY_CHECKS=0 */;
/*!40101 SET @OLD_SQL_MODE=@@SQL_MODE, SQL_MODE='NO_AUTO_VALUE_ON_ZERO' */;
/*!40111 SET @OLD_SQL_NOTES=@@SQL_NOTES, SQL_NOTES=0 */;


# Dump of table article
# ------------------------------------------------------------

DROP TABLE IF EXISTS `article`;

CREATE TABLE `article` (
  `id` int(11) unsigned NOT NULL AUTO_INCREMENT,
  `article_title` varchar(300) NOT NULL DEFAULT '' COMMENT '文章标题',
  `article_describe` varchar(255) NOT NULL DEFAULT '' COMMENT '文章描述',
  `article_content_html` text NOT NULL COMMENT '内容',
  `article_content_md` text,
  `article_author` int(11) unsigned NOT NULL COMMENT '作者',
  `article_status` tinyint(1) DEFAULT '0' COMMENT '状态',
  `create_time` datetime DEFAULT CURRENT_TIMESTAMP COMMENT '创建时间',
  `update_time` datetime DEFAULT CURRENT_TIMESTAMP ON UPDATE CURRENT_TIMESTAMP COMMENT '更新时间',
  PRIMARY KEY (`id`),
  KEY `author` (`article_author`)
) ENGINE=InnoDB DEFAULT CHARSET=utf8mb4;

LOCK TABLES `article` WRITE;
/*!40000 ALTER TABLE `article` DISABLE KEYS */;

INSERT INTO `article` (`id`, `article_title`, `article_describe`, `article_content_html`, `article_content_md`, `article_author`, `article_status`, `create_time`, `update_time`)
VALUES
	(17,'博客更新记录','本博客的更新记录，开源情况等消息都会在改文章中体现，敬请关注。','<h4 id=\"h4-v1-0\"><a name=\"v1.0\" class=\"reference-link\"></a><span class=\"header-link octicon octicon-link\"></span>v1.0</h4><hr>\r\n<p><code>实现功能</code>:</p>\r\n<ul>\r\n<li>1.文章编辑修改</li><li>2.文章展示，列表，查询</li><li>3.友情链接添加<h4 id=\"h4-github-\"><a name=\"github入口\" class=\"reference-link\"></a><span class=\"header-link octicon octicon-link\"></span><a href=\"https://github.com/zzlhr/lblog\">github入口</a></h4></li></ul>\r\n<h4 id=\"h4-v-1-0-1\"><a name=\"v 1.0.1\" class=\"reference-link\"></a><span class=\"header-link octicon octicon-link\"></span>v 1.0.1</h4><h6 id=\"h6-2018-02-10-10-47-50\"><a name=\"2018-02-10 10:47:50\" class=\"reference-link\"></a><span class=\"header-link octicon octicon-link\"></span>2018-02-10 10&#58;47&#58;50</h6><hr>\r\n<p>修复bug:</p>\r\n<ul>\r\n<li>1.后台登录过滤器未成功注册问题  <img src=\"http://twemoji.maxcdn.com/36x36/2757.png\" title=\"twemoji-2757\" alt=\"twemoji-2757\" class=\"emoji twemoji\" /></li></ul>\r\n<p>增加:</p>\r\n<ul>\r\n<li>1.对文章添加独立title,keywords和description</li></ul>\r\n<h4 id=\"h4-v-1-0-2\"><a name=\"v 1.0.2\" class=\"reference-link\"></a><span class=\"header-link octicon octicon-link\"></span>v 1.0.2</h4><h6 id=\"h6-2018-02-16-03-21-32\"><a name=\"2018-02-16 03:21:32\" class=\"reference-link\"></a><span class=\"header-link octicon octicon-link\"></span>2018-02-16 03&#58;21&#58;32</h6><hr>\r\n<p>1.修复若干bug<br>2.添加评论<br>3.添加github登录</p>\r\n','\r\n#### v1.0\r\n---\r\n`实现功能`:\r\n- 1.文章编辑修改\r\n- 2.文章展示，列表，查询\r\n- 3.友情链接添加\r\n#### [github入口](https://github.com/zzlhr/lblog)\r\n\r\n#### v 1.0.1\r\n######2018-02-10 10:47:50\r\n---\r\n修复bug:\r\n- 1.后台登录过滤器未成功注册问题  :tw-2757:\r\n\r\n增加:\r\n- 1.对文章添加独立title,keywords和description\r\n\r\n#### v 1.0.2\r\n######2018-02-16 03:21:32\r\n---\r\n1.修复若干bug\r\n2.添加评论\r\n3.添加github登录\r\n\r\n',3,0,'2018-02-09 13:15:57','2018-02-22 09:56:38'),
	(18,'测试文章标题','这是我的测试文章标题','','',2,1,'2018-02-09 21:32:43','2018-02-22 09:59:53'),
	(19,'ssh连接带端口','ssh连接liunx带端口号的方法','<h5 id=\"h5--ssh-\"><a name=\"现在很多服务器供应商都会把默认的ssh端口开在比较靠后的位置，所以很多时候我们不能直接通过\" class=\"reference-link\"></a><span class=\"header-link octicon octicon-link\"></span>现在很多服务器供应商都会把默认的ssh端口开在比较靠后的位置，所以很多时候我们不能直接通过</h5><p><code>ssh <a href=\"mailto:root@xxx.xxx.xxx\">root@xxx.xxx.xxx</a>.xxx</code><br>的方式进行连接<br>带端口的操作也是非常简单的，只需要加一个参数 <code>-p</code> 即可<br><code>ssh -p [port] [user]@[ip]</code><br>例如：<br><code>ssh -p 2222 <a href=\"mailto:root@123.123.123\">root@123.123.123</a>.123</code></p>\r\n','##### 现在很多服务器供应商都会把默认的ssh端口开在比较靠后的位置，所以很多时候我们不能直接通过\r\n``` ssh root@xxx.xxx.xxx.xxx``` \r\n的方式进行连接\r\n带端口的操作也是非常简单的，只需要加一个参数 ```-p``` 即可 \r\n``` ssh -p [port] [user]@[ip] ```\r\n例如：\r\n``` ssh -p 2222 root@123.123.123.123  ```\r\n\r\n\r\n',3,0,'2018-02-16 01:33:27','2018-02-16 01:33:27'),
	(20,'spring data jpa--No property create found for type xxx异常','No property create found for type xxx异常','<h6 id=\"h6--code-pagerequest-code-\"><a name=\"出现如题的情况应该最常见的情况就是使用<code>PageRequest</code> 对象但是排序的字段不存在或者排序字段是使用数据库的命名来的\" class=\"reference-link\"></a><span class=\"header-link octicon octicon-link\"></span>出现如题的情况应该最常见的情况就是使用<code>PageRequest</code> 对象但是排序的字段不存在或者排序字段是使用数据库的命名来的</h6><p>这里说一下 spring data的Sort对象排序必须使用Java对象的命名，也就是说</p>\r\n<p>数据库字段叫create_time<br>Java中pojo对象该字段对应为createTime<br>那么排序应该为<br><code>new Sort(Sort.Direction.DESC, &quot;createTime&quot;);</code></p>\r\n','###### 出现如题的情况应该最常见的情况就是使用```PageRequest``` 对象但是排序的字段不存在或者排序字段是使用数据库的命名来的\r\n\r\n这里说一下 spring data的Sort对象排序必须使用Java对象的命名，也就是说\r\n\r\n数据库字段叫create_time\r\nJava中pojo对象该字段对应为createTime\r\n那么排序应该为\r\n``` new Sort(Sort.Direction.DESC, \"createTime\"); ```',3,0,'2018-02-16 03:28:15','2018-02-16 03:28:15');

/*!40000 ALTER TABLE `article` ENABLE KEYS */;
UNLOCK TABLES;


# Dump of table article_comment
# ------------------------------------------------------------

DROP TABLE IF EXISTS `article_comment`;

CREATE TABLE `article_comment` (
  `id` int(11) unsigned NOT NULL AUTO_INCREMENT,
  `article_id` int(11) NOT NULL COMMENT '文章id',
  `user_id` int(11) NOT NULL COMMENT '用户id',
  `comment_content` varchar(1000) DEFAULT '' COMMENT '评论内容',
  `comment_status` tinyint(1) DEFAULT '0' COMMENT '状态',
  `comment_ip` varchar(20) DEFAULT '0.0.0.0' COMMENT '评论ip',
  `create_time` datetime DEFAULT CURRENT_TIMESTAMP COMMENT '创建时间',
  `update_time` datetime DEFAULT CURRENT_TIMESTAMP ON UPDATE CURRENT_TIMESTAMP COMMENT '更新时间',
  PRIMARY KEY (`id`)
) ENGINE=InnoDB DEFAULT CHARSET=utf8mb4;



# Dump of table article_statistics
# ------------------------------------------------------------

DROP TABLE IF EXISTS `article_statistics`;

CREATE TABLE `article_statistics` (
  `id` int(11) unsigned NOT NULL AUTO_INCREMENT,
  `statistics_name` varchar(50) NOT NULL DEFAULT '' COMMENT '统计名称',
  `statistics_type` tinyint(1) NOT NULL COMMENT '统计类型',
  `statistics_value` varchar(20) NOT NULL DEFAULT '' COMMENT '统计值',
  `create_time` datetime DEFAULT CURRENT_TIMESTAMP COMMENT '创建时间',
  `update_time` datetime DEFAULT CURRENT_TIMESTAMP ON UPDATE CURRENT_TIMESTAMP COMMENT '更新时间',
  PRIMARY KEY (`id`)
) ENGINE=InnoDB DEFAULT CHARSET=utf8mb4;



# Dump of table article_tag
# ------------------------------------------------------------

DROP TABLE IF EXISTS `article_tag`;

CREATE TABLE `article_tag` (
  `id` int(11) unsigned NOT NULL AUTO_INCREMENT,
  `article_id` int(11) NOT NULL COMMENT '文章id',
  `tag_content` varchar(255) NOT NULL DEFAULT '' COMMENT '标签',
  PRIMARY KEY (`id`),
  KEY `article_id` (`article_id`),
  KEY `tag_id` (`tag_content`(191))
) ENGINE=InnoDB DEFAULT CHARSET=utf8mb4;

LOCK TABLES `article_tag` WRITE;
/*!40000 ALTER TABLE `article_tag` DISABLE KEYS */;

INSERT INTO `article_tag` (`id`, `article_id`, `tag_content`)
VALUES
	(40,19,'ssh'),
	(41,19,'端口'),
	(42,19,'linux'),
	(49,20,'spring'),
	(50,20,'java'),
	(51,20,'异常'),
	(52,20,'spring-data'),
	(53,17,'博客'),
	(54,17,'更新'),
	(55,17,'更新记录');

/*!40000 ALTER TABLE `article_tag` ENABLE KEYS */;
UNLOCK TABLES;


# Dump of table friend_link
# ------------------------------------------------------------

DROP TABLE IF EXISTS `friend_link`;

CREATE TABLE `friend_link` (
  `id` int(11) unsigned NOT NULL AUTO_INCREMENT,
  `value` varchar(20) NOT NULL DEFAULT '' COMMENT '友链名称',
  `url` varchar(255) NOT NULL DEFAULT '' COMMENT '友链地址',
  `status` tinyint(1) DEFAULT '0' COMMENT '友链状态',
  PRIMARY KEY (`id`)
) ENGINE=InnoDB DEFAULT CHARSET=utf8mb4;

LOCK TABLES `friend_link` WRITE;
/*!40000 ALTER TABLE `friend_link` DISABLE KEYS */;

INSERT INTO `friend_link` (`id`, `value`, `url`, `status`)
VALUES
	(2,'河南砼鑫软件科技有限公司','http://www.hntxrj.com',0);

/*!40000 ALTER TABLE `friend_link` ENABLE KEYS */;
UNLOCK TABLES;


# Dump of table log
# ------------------------------------------------------------

DROP TABLE IF EXISTS `log`;

CREATE TABLE `log` (
  `id` int(11) unsigned NOT NULL AUTO_INCREMENT,
  `user_name` varchar(20) DEFAULT '' COMMENT '用户名',
  `user_id` int(11) DEFAULT '0' COMMENT '用户id',
  `user_ip` varchar(20) DEFAULT '' COMMENT '用户ip',
  `operation` varchar(255) NOT NULL DEFAULT '' COMMENT '操作',
  `create_time` datetime DEFAULT CURRENT_TIMESTAMP COMMENT '发生时间',
  PRIMARY KEY (`id`)
) ENGINE=InnoDB DEFAULT CHARSET=utf8mb4;

LOCK TABLES `log` WRITE;
/*!40000 ALTER TABLE `log` DISABLE KEYS */;

INSERT INTO `log` (`id`, `user_name`, `user_id`, `user_ip`, `operation`, `create_time`)
VALUES
	(759,NULL,NULL,'0:0:0:0:0:0:0:1','获取首页文章','2018-02-09 12:51:40'),
	(760,NULL,NULL,'0:0:0:0:0:0:0:1','获取首页文章','2018-02-09 12:51:41'),
	(761,NULL,NULL,'0:0:0:0:0:0:0:1','获取首页文章','2018-02-09 12:51:42'),
	(762,NULL,NULL,'0:0:0:0:0:0:0:1','获取文章列表第01页','2018-02-09 12:51:44'),
	(763,NULL,NULL,'0:0:0:0:0:0:0:1','获取文章列表第01页','2018-02-09 12:51:44'),
	(764,NULL,NULL,'0:0:0:0:0:0:0:1','获取文章列表第01页','2018-02-09 12:51:46'),
	(765,NULL,NULL,'0:0:0:0:0:0:0:1','获取文章列表第01页','2018-02-09 12:51:46'),
	(766,NULL,NULL,'0:0:0:0:0:0:0:1','获取文章列表第01页','2018-02-09 12:51:47'),
	(767,NULL,NULL,'0:0:0:0:0:0:0:1','获取文章列表第01页','2018-02-09 12:51:48'),
	(768,NULL,NULL,'0:0:0:0:0:0:0:1','获取文章列表第01页','2018-02-09 12:51:48'),
	(769,NULL,NULL,'0:0:0:0:0:0:0:1','获取文章列表第01页','2018-02-09 12:51:48'),
	(770,NULL,NULL,'0:0:0:0:0:0:0:1','获取文章列表第01页','2018-02-09 12:51:48'),
	(771,NULL,NULL,'0:0:0:0:0:0:0:1','获取文章列表第01页','2018-02-09 12:51:48'),
	(772,NULL,NULL,'0:0:0:0:0:0:0:1','获取文章列表第01页','2018-02-09 12:51:49'),
	(773,NULL,NULL,'0:0:0:0:0:0:0:1','获取文章列表第01页','2018-02-09 12:51:49'),
	(774,NULL,NULL,'0:0:0:0:0:0:0:1','获取文章列表第01页','2018-02-09 12:51:53'),
	(775,NULL,NULL,'0:0:0:0:0:0:0:1','获取文章列表第01页','2018-02-09 12:51:53'),
	(776,NULL,NULL,'0:0:0:0:0:0:0:1','获取首页文章','2018-02-09 12:51:54'),
	(777,NULL,NULL,'0:0:0:0:0:0:0:1','获取首页文章','2018-02-09 12:51:54'),
	(778,NULL,NULL,'0:0:0:0:0:0:0:1','获取首页文章','2018-02-09 12:51:55'),
	(779,NULL,NULL,'0:0:0:0:0:0:0:1','获取首页文章','2018-02-09 12:51:55'),
	(780,NULL,NULL,'0:0:0:0:0:0:0:1','获取首页文章','2018-02-09 12:51:55'),
	(781,NULL,NULL,'0:0:0:0:0:0:0:1','获取首页文章','2018-02-09 12:51:56'),
	(782,NULL,NULL,'0:0:0:0:0:0:0:1','获取文章列表第01页','2018-02-09 12:51:56'),
	(783,NULL,NULL,'0:0:0:0:0:0:0:1','获取文章列表第01页','2018-02-09 12:51:56'),
	(784,NULL,NULL,'0:0:0:0:0:0:0:1','获取文章列表第01页','2018-02-09 12:51:57'),
	(785,NULL,NULL,'0:0:0:0:0:0:0:1','获取文章列表第01页','2018-02-09 12:51:57'),
	(786,NULL,NULL,'0:0:0:0:0:0:0:1','获取首页文章','2018-02-09 12:51:57'),
	(787,NULL,NULL,'0:0:0:0:0:0:0:1','获取文章列表第01页','2018-02-09 12:52:02'),
	(788,NULL,NULL,'0:0:0:0:0:0:0:1','获取文章列表第01页','2018-02-09 12:52:05'),
	(789,NULL,NULL,'0:0:0:0:0:0:0:1','获取文章列表第01页','2018-02-09 12:52:07'),
	(790,NULL,NULL,'0:0:0:0:0:0:0:1','获取文章列表第01页','2018-02-09 12:52:11'),
	(791,NULL,NULL,'0:0:0:0:0:0:0:1','获取文章列表第01页','2018-02-09 12:55:28'),
	(792,NULL,NULL,'0:0:0:0:0:0:0:1','获取文章列表第01页','2018-02-09 12:55:29'),
	(793,NULL,NULL,'0:0:0:0:0:0:0:1','获取文章列表第01页','2018-02-09 13:10:50'),
	(794,NULL,NULL,'0:0:0:0:0:0:0:1','获取首页文章','2018-02-09 13:10:53'),
	(795,NULL,NULL,'0:0:0:0:0:0:0:1','获取文章列表第01页','2018-02-09 13:11:05'),
	(796,NULL,NULL,'0:0:0:0:0:0:0:1','获取文章列表第01页','2018-02-09 13:11:10'),
	(797,NULL,NULL,'0:0:0:0:0:0:0:1','获取文章列表第01页','2018-02-09 13:11:19'),
	(798,NULL,NULL,'0:0:0:0:0:0:0:1','获取文章列表第01页','2018-02-09 13:12:43'),
	(799,'admin',2,'0:0:0:0:0:0:0:1','添加文章id=null','2018-02-09 13:15:57'),
	(800,NULL,NULL,'0:0:0:0:0:0:0:1','获取文章列表第01页','2018-02-09 13:16:03'),
	(801,NULL,NULL,'0:0:0:0:0:0:0:1','获取首页文章','2018-02-09 13:16:17'),
	(802,NULL,NULL,'0:0:0:0:0:0:0:1','获取文章详情id=17','2018-02-09 13:16:21'),
	(803,NULL,NULL,'0:0:0:0:0:0:0:1','获取首页文章','2018-02-09 13:16:33'),
	(804,NULL,NULL,'0:0:0:0:0:0:0:1','获取文章列表第01页','2018-02-09 13:16:34'),
	(805,NULL,NULL,'0:0:0:0:0:0:0:1','获取文章列表第01页','2018-02-09 13:16:34'),
	(806,NULL,NULL,'0:0:0:0:0:0:0:1','获取首页文章','2018-02-09 13:16:39'),
	(807,NULL,NULL,'0:0:0:0:0:0:0:1','获取文章列表第01页','2018-02-09 13:16:41'),
	(808,NULL,NULL,'0:0:0:0:0:0:0:1','获取文章列表第01页','2018-02-09 13:16:41'),
	(809,NULL,NULL,'0:0:0:0:0:0:0:1','获取首页文章','2018-02-09 13:17:03'),
	(810,NULL,NULL,'0:0:0:0:0:0:0:1','获取文章列表第01页','2018-02-09 13:17:11'),
	(811,NULL,NULL,'0:0:0:0:0:0:0:1','获取文章列表第01页','2018-02-09 13:17:11'),
	(812,NULL,NULL,'0:0:0:0:0:0:0:1','获取文章列表第01页','2018-02-09 13:17:13'),
	(813,NULL,NULL,'0:0:0:0:0:0:0:1','获取文章列表第01页','2018-02-09 13:17:13'),
	(814,NULL,NULL,'0:0:0:0:0:0:0:1','获取文章列表第01页','2018-02-09 13:17:14'),
	(815,NULL,NULL,'0:0:0:0:0:0:0:1','获取文章列表第01页','2018-02-09 13:17:14'),
	(816,NULL,NULL,'0:0:0:0:0:0:0:1','获取文章详情id=17','2018-02-09 13:17:17'),
	(817,NULL,NULL,'0:0:0:0:0:0:0:1','获取文章列表第01页','2018-02-09 13:19:27'),
	(818,NULL,NULL,'0:0:0:0:0:0:0:1','获取文章列表第01页','2018-02-09 13:19:27'),
	(819,NULL,NULL,'0:0:0:0:0:0:0:1','获取文章列表第01页','2018-02-09 13:20:10'),
	(820,NULL,NULL,'0:0:0:0:0:0:0:1','获取文章列表第01页','2018-02-09 13:20:10'),
	(821,NULL,NULL,'0:0:0:0:0:0:0:1','获取文章列表第01页','2018-02-09 13:20:13'),
	(822,NULL,NULL,'0:0:0:0:0:0:0:1','获取文章列表第01页','2018-02-09 13:20:13'),
	(823,NULL,NULL,'0:0:0:0:0:0:0:1','获取文章列表第01页','2018-02-09 13:20:14'),
	(824,NULL,NULL,'0:0:0:0:0:0:0:1','获取文章列表第01页','2018-02-09 13:20:14'),
	(825,NULL,NULL,'0:0:0:0:0:0:0:1','获取文章列表第01页','2018-02-09 13:20:36'),
	(826,NULL,NULL,'0:0:0:0:0:0:0:1','获取文章列表第01页','2018-02-09 13:20:36'),
	(827,NULL,NULL,'0:0:0:0:0:0:0:1','获取文章列表第01页','2018-02-09 13:20:37'),
	(828,NULL,NULL,'0:0:0:0:0:0:0:1','获取文章列表第01页','2018-02-09 13:20:37'),
	(829,NULL,NULL,'0:0:0:0:0:0:0:1','获取文章列表第01页','2018-02-09 13:21:07'),
	(830,NULL,NULL,'0:0:0:0:0:0:0:1','获取文章列表第01页','2018-02-09 13:21:07'),
	(831,NULL,NULL,'0:0:0:0:0:0:0:1','获取文章列表第01页','2018-02-09 13:21:15'),
	(832,NULL,NULL,'0:0:0:0:0:0:0:1','获取文章列表第01页','2018-02-09 13:21:15'),
	(833,NULL,NULL,'0:0:0:0:0:0:0:1','获取文章列表第01页','2018-02-09 13:21:18'),
	(834,NULL,NULL,'0:0:0:0:0:0:0:1','获取文章列表第01页','2018-02-09 13:21:18'),
	(835,NULL,NULL,'0:0:0:0:0:0:0:1','获取文章列表第01页','2018-02-09 13:21:40'),
	(836,NULL,NULL,'0:0:0:0:0:0:0:1','获取文章列表第01页','2018-02-09 13:21:40'),
	(837,NULL,NULL,'0:0:0:0:0:0:0:1','获取文章列表第01页','2018-02-09 13:21:41'),
	(838,NULL,NULL,'0:0:0:0:0:0:0:1','获取文章列表第01页','2018-02-09 13:21:41'),
	(839,NULL,NULL,'0:0:0:0:0:0:0:1','获取文章列表第01页','2018-02-09 13:21:46'),
	(840,NULL,NULL,'0:0:0:0:0:0:0:1','获取文章列表第01页','2018-02-09 13:21:46'),
	(841,NULL,NULL,'0:0:0:0:0:0:0:1','获取首页文章','2018-02-09 13:21:54'),
	(842,NULL,NULL,'0:0:0:0:0:0:0:1','获取文章列表第01页','2018-02-09 13:21:55'),
	(843,NULL,NULL,'0:0:0:0:0:0:0:1','获取文章列表第01页','2018-02-09 13:21:55'),
	(844,NULL,NULL,'0:0:0:0:0:0:0:1','获取首页文章','2018-02-09 13:21:55'),
	(845,NULL,NULL,'0:0:0:0:0:0:0:1','获取文章列表第01页','2018-02-09 13:21:57'),
	(846,NULL,NULL,'0:0:0:0:0:0:0:1','获取文章列表第01页','2018-02-09 13:21:57'),
	(847,NULL,NULL,'0:0:0:0:0:0:0:1','获取首页文章','2018-02-09 13:21:59'),
	(848,NULL,NULL,'0:0:0:0:0:0:0:1','获取文章列表第01页','2018-02-09 13:22:06'),
	(849,NULL,NULL,'0:0:0:0:0:0:0:1','获取文章列表第01页','2018-02-09 13:22:06'),
	(850,NULL,NULL,'0:0:0:0:0:0:0:1','获取首页文章','2018-02-09 13:22:06'),
	(851,NULL,NULL,'0:0:0:0:0:0:0:1','获取文章详情id=17','2018-02-09 13:22:11'),
	(852,NULL,NULL,'0:0:0:0:0:0:0:1','获取文章详情id=17','2018-02-09 13:22:54'),
	(853,NULL,NULL,'0:0:0:0:0:0:0:1','获取文章详情id=17','2018-02-09 13:24:27'),
	(854,NULL,NULL,'0:0:0:0:0:0:0:1','获取文章详情id=17','2018-02-09 13:24:59'),
	(855,NULL,NULL,'0:0:0:0:0:0:0:1','获取文章详情id=17','2018-02-09 13:25:00'),
	(856,NULL,NULL,'0:0:0:0:0:0:0:1','获取文章详情id=17','2018-02-09 13:25:20'),
	(857,NULL,NULL,'0:0:0:0:0:0:0:1','获取文章详情id=17','2018-02-09 13:25:48'),
	(858,NULL,NULL,'0:0:0:0:0:0:0:1','获取文章详情id=17','2018-02-09 13:26:40'),
	(859,NULL,NULL,'0:0:0:0:0:0:0:1','获取首页文章','2018-02-09 13:27:20'),
	(860,NULL,NULL,'0:0:0:0:0:0:0:1','获取文章列表第01页','2018-02-09 13:27:20'),
	(861,NULL,NULL,'0:0:0:0:0:0:0:1','获取文章列表第01页','2018-02-09 13:27:20'),
	(862,NULL,NULL,'0:0:0:0:0:0:0:1','获取首页文章','2018-02-09 13:27:21'),
	(863,NULL,NULL,'0:0:0:0:0:0:0:1','获取首页文章','2018-02-09 13:27:23'),
	(864,NULL,NULL,'0:0:0:0:0:0:0:1','获取首页文章','2018-02-09 13:28:15'),
	(865,NULL,NULL,'0:0:0:0:0:0:0:1','获取文章列表第01页','2018-02-09 13:28:20'),
	(866,NULL,NULL,'0:0:0:0:0:0:0:1','获取文章列表第01页','2018-02-09 13:28:20'),
	(867,NULL,NULL,'0:0:0:0:0:0:0:1','获取首页文章','2018-02-09 13:28:22'),
	(868,NULL,NULL,'0:0:0:0:0:0:0:1','获取文章列表第01页','2018-02-09 13:28:23'),
	(869,NULL,NULL,'0:0:0:0:0:0:0:1','获取文章列表第01页','2018-02-09 13:28:23'),
	(870,NULL,NULL,'0:0:0:0:0:0:0:1','获取文章列表第01页','2018-02-09 13:29:11'),
	(871,NULL,NULL,'0:0:0:0:0:0:0:1','获取文章列表第01页','2018-02-09 13:29:11'),
	(872,NULL,NULL,'0:0:0:0:0:0:0:1','获取首页文章','2018-02-09 13:29:13'),
	(873,NULL,NULL,'0:0:0:0:0:0:0:1','获取首页文章','2018-02-09 13:29:14'),
	(874,NULL,NULL,'0:0:0:0:0:0:0:1','获取首页文章','2018-02-09 13:29:15'),
	(875,NULL,NULL,'0:0:0:0:0:0:0:1','获取文章列表第01页','2018-02-09 13:29:15'),
	(876,NULL,NULL,'0:0:0:0:0:0:0:1','获取文章列表第01页','2018-02-09 13:29:15'),
	(877,NULL,NULL,'0:0:0:0:0:0:0:1','获取首页文章','2018-02-09 13:29:16'),
	(878,NULL,NULL,'0:0:0:0:0:0:0:1','获取首页文章','2018-02-09 13:29:17'),
	(879,NULL,NULL,'0:0:0:0:0:0:0:1','获取文章详情id=17','2018-02-09 13:29:24'),
	(880,NULL,NULL,'0:0:0:0:0:0:0:1','获取文章列表第01页','2018-02-09 13:29:34'),
	(881,NULL,NULL,'0:0:0:0:0:0:0:1','获取文章列表第01页','2018-02-09 13:29:34'),
	(882,NULL,NULL,'0:0:0:0:0:0:0:1','获取文章列表第01页','2018-02-09 13:29:36'),
	(883,NULL,NULL,'0:0:0:0:0:0:0:1','获取文章列表第01页','2018-02-09 13:29:36'),
	(884,NULL,NULL,'0:0:0:0:0:0:0:1','获取首页文章','2018-02-09 13:29:36'),
	(885,NULL,NULL,'0:0:0:0:0:0:0:1','获取文章列表第01页','2018-02-09 13:29:42'),
	(886,NULL,NULL,'0:0:0:0:0:0:0:1','获取文章列表第01页','2018-02-09 13:29:42'),
	(887,NULL,NULL,'0:0:0:0:0:0:0:1','获取首页文章','2018-02-09 13:29:45'),
	(888,NULL,NULL,'0:0:0:0:0:0:0:1','获取文章列表第01页','2018-02-09 13:29:46'),
	(889,NULL,NULL,'0:0:0:0:0:0:0:1','获取文章列表第01页','2018-02-09 13:29:46'),
	(890,NULL,NULL,'0:0:0:0:0:0:0:1','获取文章详情id=17','2018-02-09 13:29:46'),
	(891,NULL,NULL,'0:0:0:0:0:0:0:1','获取首页文章','2018-02-09 13:30:39'),
	(892,NULL,NULL,'0:0:0:0:0:0:0:1','获取文章列表第01页','2018-02-09 13:30:40'),
	(893,NULL,NULL,'0:0:0:0:0:0:0:1','获取文章列表第01页','2018-02-09 13:30:40'),
	(894,NULL,NULL,'0:0:0:0:0:0:0:1','获取文章列表第01页','2018-02-09 13:30:41'),
	(895,NULL,NULL,'0:0:0:0:0:0:0:1','获取文章列表第01页','2018-02-09 13:30:41'),
	(896,NULL,NULL,'0:0:0:0:0:0:0:1','获取首页文章','2018-02-09 13:30:42'),
	(897,NULL,NULL,'0:0:0:0:0:0:0:1','获取文章列表第01页','2018-02-09 13:30:42'),
	(898,NULL,NULL,'0:0:0:0:0:0:0:1','获取文章列表第01页','2018-02-09 13:30:42'),
	(899,NULL,NULL,'0:0:0:0:0:0:0:1','获取文章列表第01页','2018-02-09 13:30:45'),
	(900,NULL,NULL,'0:0:0:0:0:0:0:1','获取文章列表第01页','2018-02-09 13:30:45'),
	(901,NULL,NULL,'0:0:0:0:0:0:0:1','获取首页文章','2018-02-09 13:30:45'),
	(902,NULL,NULL,'0:0:0:0:0:0:0:1','获取文章列表第01页','2018-02-09 13:30:46'),
	(903,NULL,NULL,'0:0:0:0:0:0:0:1','获取文章列表第01页','2018-02-09 13:30:46'),
	(904,NULL,NULL,'0:0:0:0:0:0:0:1','获取文章详情id=17','2018-02-09 13:30:48'),
	(905,NULL,NULL,'0:0:0:0:0:0:0:1','获取文章列表第01页','2018-02-09 13:30:52'),
	(906,NULL,NULL,'0:0:0:0:0:0:0:1','获取文章详情id=17','2018-02-09 13:30:54'),
	(907,NULL,NULL,'0:0:0:0:0:0:0:1','获取文章列表第01页','2018-02-09 13:31:17'),
	(908,NULL,NULL,'0:0:0:0:0:0:0:1','获取文章列表第01页','2018-02-09 13:31:17'),
	(909,NULL,NULL,'0:0:0:0:0:0:0:1','获取首页文章','2018-02-09 13:31:18'),
	(910,NULL,NULL,'0:0:0:0:0:0:0:1','获取文章详情id=17','2018-02-09 13:31:27'),
	(911,NULL,NULL,'0:0:0:0:0:0:0:1','获取文章列表第01页','2018-02-09 13:32:37'),
	(912,NULL,NULL,'0:0:0:0:0:0:0:1','获取文章列表第01页','2018-02-09 13:32:37'),
	(913,NULL,NULL,'0:0:0:0:0:0:0:1','获取首页文章','2018-02-09 13:32:38'),
	(914,NULL,NULL,'0:0:0:0:0:0:0:1','获取文章详情id=17','2018-02-09 13:32:40'),
	(915,NULL,NULL,'0:0:0:0:0:0:0:1','获取文章详情id=17','2018-02-09 13:36:32'),
	(916,NULL,NULL,'0:0:0:0:0:0:0:1','获取文章详情id=17','2018-02-09 13:36:57'),
	(917,NULL,NULL,'0:0:0:0:0:0:0:1','获取文章详情id=17','2018-02-09 13:41:48'),
	(918,NULL,NULL,'0:0:0:0:0:0:0:1','获取文章详情id=17','2018-02-09 13:42:16'),
	(919,NULL,NULL,'0:0:0:0:0:0:0:1','获取文章详情id=17','2018-02-09 13:42:21'),
	(920,NULL,NULL,'0:0:0:0:0:0:0:1','获取文章详情id=17','2018-02-09 13:42:21'),
	(921,NULL,NULL,'0:0:0:0:0:0:0:1','获取文章详情id=17','2018-02-09 13:42:24'),
	(922,NULL,NULL,'0:0:0:0:0:0:0:1','获取文章详情id=17','2018-02-09 13:42:25'),
	(923,NULL,NULL,'0:0:0:0:0:0:0:1','获取文章详情id=17','2018-02-09 13:42:25'),
	(924,NULL,NULL,'0:0:0:0:0:0:0:1','获取文章详情id=17','2018-02-09 13:42:37'),
	(925,NULL,NULL,'0:0:0:0:0:0:0:1','获取文章详情id=17','2018-02-09 13:43:09'),
	(926,NULL,NULL,'0:0:0:0:0:0:0:1','获取文章详情id=17','2018-02-09 13:43:29'),
	(927,NULL,NULL,'0:0:0:0:0:0:0:1','获取文章详情id=17','2018-02-09 13:43:30'),
	(928,NULL,NULL,'0:0:0:0:0:0:0:1','获取文章详情id=17','2018-02-09 13:43:31'),
	(929,NULL,NULL,'0:0:0:0:0:0:0:1','获取文章详情id=17','2018-02-09 13:43:35'),
	(930,NULL,NULL,'0:0:0:0:0:0:0:1','获取文章详情id=17','2018-02-09 13:43:36'),
	(931,NULL,NULL,'0:0:0:0:0:0:0:1','获取文章详情id=17','2018-02-09 13:43:37'),
	(932,NULL,NULL,'0:0:0:0:0:0:0:1','获取文章详情id=17','2018-02-09 13:43:37'),
	(933,NULL,NULL,'0:0:0:0:0:0:0:1','获取文章详情id=17','2018-02-09 13:43:38'),
	(934,NULL,NULL,'0:0:0:0:0:0:0:1','获取文章详情id=17','2018-02-09 13:43:38'),
	(935,NULL,NULL,'0:0:0:0:0:0:0:1','获取文章详情id=17','2018-02-09 13:43:38'),
	(936,NULL,NULL,'0:0:0:0:0:0:0:1','获取文章详情id=17','2018-02-09 13:43:38'),
	(937,NULL,NULL,'0:0:0:0:0:0:0:1','获取文章详情id=17','2018-02-09 13:43:38'),
	(938,NULL,NULL,'0:0:0:0:0:0:0:1','获取文章详情id=17','2018-02-09 13:44:29'),
	(939,NULL,NULL,'0:0:0:0:0:0:0:1','获取文章详情id=17','2018-02-09 13:44:30'),
	(940,NULL,NULL,'0:0:0:0:0:0:0:1','获取文章详情id=17','2018-02-09 13:44:55'),
	(941,NULL,NULL,'0:0:0:0:0:0:0:1','获取文章详情id=17','2018-02-09 13:44:56'),
	(942,NULL,NULL,'0:0:0:0:0:0:0:1','获取文章详情id=17','2018-02-09 13:45:29'),
	(943,NULL,NULL,'0:0:0:0:0:0:0:1','获取文章详情id=17','2018-02-09 13:45:30'),
	(944,NULL,NULL,'0:0:0:0:0:0:0:1','获取文章详情id=17','2018-02-09 13:45:30'),
	(945,NULL,NULL,'0:0:0:0:0:0:0:1','获取文章详情id=17','2018-02-09 13:45:30'),
	(946,NULL,NULL,'0:0:0:0:0:0:0:1','获取文章详情id=17','2018-02-09 13:45:31'),
	(947,NULL,NULL,'0:0:0:0:0:0:0:1','获取文章详情id=17','2018-02-09 13:45:31'),
	(948,NULL,NULL,'0:0:0:0:0:0:0:1','获取首页文章','2018-02-09 13:45:32'),
	(949,NULL,NULL,'0:0:0:0:0:0:0:1','获取文章列表第01页','2018-02-09 13:45:33'),
	(950,NULL,NULL,'0:0:0:0:0:0:0:1','获取文章列表第01页','2018-02-09 13:45:33'),
	(951,NULL,NULL,'0:0:0:0:0:0:0:1','获取文章列表第01页','2018-02-09 13:45:34'),
	(952,NULL,NULL,'0:0:0:0:0:0:0:1','获取文章列表第01页','2018-02-09 13:45:34'),
	(953,NULL,NULL,'0:0:0:0:0:0:0:1','获取首页文章','2018-02-09 13:45:34'),
	(954,NULL,NULL,'0:0:0:0:0:0:0:1','获取文章列表第01页','2018-02-09 13:45:35'),
	(955,NULL,NULL,'0:0:0:0:0:0:0:1','获取文章列表第01页','2018-02-09 13:45:35'),
	(956,NULL,NULL,'0:0:0:0:0:0:0:1','获取首页文章','2018-02-09 13:45:35'),
	(957,NULL,NULL,'0:0:0:0:0:0:0:1','获取首页文章','2018-02-09 13:45:54'),
	(958,NULL,NULL,'0:0:0:0:0:0:0:1','获取首页文章','2018-02-09 13:46:23'),
	(959,NULL,NULL,'0:0:0:0:0:0:0:1','获取首页文章','2018-02-09 13:46:25'),
	(960,NULL,NULL,'0:0:0:0:0:0:0:1','获取首页文章','2018-02-09 13:46:36'),
	(961,NULL,NULL,'0:0:0:0:0:0:0:1','获取首页文章','2018-02-09 13:46:37'),
	(962,NULL,NULL,'0:0:0:0:0:0:0:1','获取首页文章','2018-02-09 13:47:05'),
	(963,NULL,NULL,'0:0:0:0:0:0:0:1','获取首页文章','2018-02-09 13:47:48'),
	(964,NULL,NULL,'0:0:0:0:0:0:0:1','获取首页文章','2018-02-09 13:48:11'),
	(965,NULL,NULL,'0:0:0:0:0:0:0:1','获取首页文章','2018-02-09 13:48:49'),
	(966,NULL,NULL,'0:0:0:0:0:0:0:1','获取首页文章','2018-02-09 13:50:13'),
	(967,NULL,NULL,'0:0:0:0:0:0:0:1','获取首页文章','2018-02-09 13:50:31'),
	(968,NULL,NULL,'0:0:0:0:0:0:0:1','获取文章详情id=17','2018-02-09 13:50:36'),
	(969,NULL,NULL,'0:0:0:0:0:0:0:1','获取文章详情id=17','2018-02-09 13:51:46'),
	(970,NULL,NULL,'0:0:0:0:0:0:0:1','获取首页文章','2018-02-09 13:52:03'),
	(971,NULL,NULL,'0:0:0:0:0:0:0:1','获取首页文章','2018-02-09 13:52:04'),
	(972,NULL,NULL,'0:0:0:0:0:0:0:1','获取首页文章','2018-02-09 13:52:05'),
	(973,NULL,NULL,'0:0:0:0:0:0:0:1','获取首页文章','2018-02-09 13:52:06'),
	(974,NULL,NULL,'0:0:0:0:0:0:0:1','获取文章详情id=17','2018-02-09 13:52:08'),
	(975,NULL,NULL,'0:0:0:0:0:0:0:1','获取首页文章','2018-02-09 13:52:12'),
	(976,NULL,NULL,'0:0:0:0:0:0:0:1','获取文章列表第01页','2018-02-09 13:52:14'),
	(977,NULL,NULL,'0:0:0:0:0:0:0:1','获取文章列表第01页','2018-02-09 13:52:14'),
	(978,NULL,NULL,'0:0:0:0:0:0:0:1','获取文章列表第01页','2018-02-09 13:52:19'),
	(979,NULL,NULL,'0:0:0:0:0:0:0:1','获取文章列表第01页','2018-02-09 13:52:19'),
	(980,NULL,NULL,'0:0:0:0:0:0:0:1','获取文章列表第01页','2018-02-09 13:52:20'),
	(981,NULL,NULL,'0:0:0:0:0:0:0:1','获取文章列表第01页','2018-02-09 13:52:20'),
	(982,NULL,NULL,'0:0:0:0:0:0:0:1','获取文章列表第01页','2018-02-09 13:52:20'),
	(983,NULL,NULL,'0:0:0:0:0:0:0:1','获取文章列表第01页','2018-02-09 13:52:20'),
	(984,NULL,NULL,'0:0:0:0:0:0:0:1','获取文章列表第01页','2018-02-09 13:52:21'),
	(985,NULL,NULL,'0:0:0:0:0:0:0:1','获取文章列表第01页','2018-02-09 13:52:21'),
	(986,NULL,NULL,'0:0:0:0:0:0:0:1','获取文章列表第01页','2018-02-09 13:53:02'),
	(987,NULL,NULL,'0:0:0:0:0:0:0:1','获取文章列表第01页','2018-02-09 13:53:02'),
	(988,NULL,NULL,'0:0:0:0:0:0:0:1','获取文章列表第01页','2018-02-09 13:53:20'),
	(989,NULL,NULL,'0:0:0:0:0:0:0:1','获取文章列表第01页','2018-02-09 13:53:20'),
	(990,NULL,NULL,'0:0:0:0:0:0:0:1','获取文章列表第01页','2018-02-09 13:53:31'),
	(991,NULL,NULL,'0:0:0:0:0:0:0:1','获取文章列表第01页','2018-02-09 13:53:31'),
	(992,NULL,NULL,'0:0:0:0:0:0:0:1','获取文章列表第01页','2018-02-09 13:53:32'),
	(993,NULL,NULL,'0:0:0:0:0:0:0:1','获取文章列表第01页','2018-02-09 13:53:32'),
	(994,NULL,NULL,'0:0:0:0:0:0:0:1','获取文章列表第01页','2018-02-09 13:53:32'),
	(995,NULL,NULL,'0:0:0:0:0:0:0:1','获取文章列表第01页','2018-02-09 13:53:32'),
	(996,NULL,NULL,'0:0:0:0:0:0:0:1','获取文章列表第01页','2018-02-09 13:53:56'),
	(997,NULL,NULL,'0:0:0:0:0:0:0:1','获取文章列表第01页','2018-02-09 13:53:56'),
	(998,NULL,NULL,'0:0:0:0:0:0:0:1','获取首页文章','2018-02-09 13:54:17'),
	(999,NULL,NULL,'0:0:0:0:0:0:0:1','获取首页文章','2018-02-09 13:54:33'),
	(1000,NULL,NULL,'0:0:0:0:0:0:0:1','获取文章详情id=17','2018-02-09 13:54:35'),
	(1001,NULL,NULL,'0:0:0:0:0:0:0:1','获取首页文章','2018-02-09 13:54:56'),
	(1002,NULL,NULL,'0:0:0:0:0:0:0:1','获取文章详情id=17','2018-02-09 13:54:57'),
	(1003,NULL,NULL,'0:0:0:0:0:0:0:1','获取文章列表第01页','2018-02-09 13:54:58'),
	(1004,NULL,NULL,'0:0:0:0:0:0:0:1','获取文章列表第01页','2018-02-09 13:54:58'),
	(1005,NULL,NULL,'0:0:0:0:0:0:0:1','获取文章详情id=17','2018-02-09 13:54:59'),
	(1006,NULL,NULL,'0:0:0:0:0:0:0:1','获取文章列表第01页','2018-02-09 13:55:10'),
	(1007,NULL,NULL,'0:0:0:0:0:0:0:1','获取文章列表第01页','2018-02-09 13:55:10'),
	(1008,NULL,NULL,'0:0:0:0:0:0:0:1','获取首页文章','2018-02-09 13:55:11'),
	(1009,NULL,NULL,'0:0:0:0:0:0:0:1','获取文章详情id=17','2018-02-09 13:55:22'),
	(1010,NULL,NULL,'0:0:0:0:0:0:0:1','获取首页文章','2018-02-09 13:55:40'),
	(1011,NULL,NULL,'0:0:0:0:0:0:0:1','获取文章列表第01页','2018-02-09 13:55:40'),
	(1012,NULL,NULL,'0:0:0:0:0:0:0:1','获取文章列表第01页','2018-02-09 13:55:40'),
	(1013,NULL,NULL,'0:0:0:0:0:0:0:1','获取首页文章','2018-02-09 13:55:42'),
	(1014,NULL,NULL,'0:0:0:0:0:0:0:1','获取文章列表第01页','2018-02-09 13:55:43'),
	(1015,NULL,NULL,'0:0:0:0:0:0:0:1','获取文章列表第01页','2018-02-09 13:55:43'),
	(1016,NULL,NULL,'0:0:0:0:0:0:0:1','获取首页文章','2018-02-09 13:55:44'),
	(1017,NULL,NULL,'0:0:0:0:0:0:0:1','获取文章详情id=17','2018-02-09 13:55:45'),
	(1018,NULL,NULL,'0:0:0:0:0:0:0:1','获取首页文章','2018-02-09 13:56:10'),
	(1019,NULL,NULL,'0:0:0:0:0:0:0:1','获取文章详情id=17','2018-02-09 13:56:37'),
	(1020,NULL,NULL,'0:0:0:0:0:0:0:1','获取文章列表第01页','2018-02-09 13:56:46'),
	(1021,NULL,NULL,'0:0:0:0:0:0:0:1','获取文章列表第01页','2018-02-09 13:56:46'),
	(1022,NULL,NULL,'0:0:0:0:0:0:0:1','获取文章列表第01页','2018-02-09 13:56:50'),
	(1023,NULL,NULL,'0:0:0:0:0:0:0:1','获取文章列表第01页','2018-02-09 13:56:50'),
	(1024,NULL,NULL,'0:0:0:0:0:0:0:1','获取首页文章','2018-02-09 13:56:52'),
	(1025,NULL,NULL,'0:0:0:0:0:0:0:1','获取文章列表第01页','2018-02-09 13:56:53'),
	(1026,NULL,NULL,'0:0:0:0:0:0:0:1','获取文章列表第01页','2018-02-09 13:56:53'),
	(1027,NULL,NULL,'0:0:0:0:0:0:0:1','获取首页文章','2018-02-09 13:56:54'),
	(1028,NULL,NULL,'0:0:0:0:0:0:0:1','获取文章详情id=17','2018-02-09 13:57:01'),
	(1029,NULL,NULL,'0:0:0:0:0:0:0:1','获取首页文章','2018-02-09 13:57:04'),
	(1030,NULL,NULL,'0:0:0:0:0:0:0:1','获取首页文章','2018-02-09 16:59:52'),
	(1031,NULL,NULL,'0:0:0:0:0:0:0:1','获取文章详情id=17','2018-02-09 16:59:55'),
	(1032,NULL,NULL,'0:0:0:0:0:0:0:1','获取首页文章','2018-02-09 16:59:56'),
	(1033,NULL,NULL,'0:0:0:0:0:0:0:1','获取文章列表第01页','2018-02-09 16:59:56'),
	(1034,NULL,NULL,'0:0:0:0:0:0:0:1','获取文章列表第01页','2018-02-09 16:59:56'),
	(1035,NULL,NULL,'0:0:0:0:0:0:0:1','获取首页文章','2018-02-09 16:59:57'),
	(1036,NULL,NULL,'0:0:0:0:0:0:0:1','获取文章列表第01页','2018-02-09 16:59:58'),
	(1037,NULL,NULL,'0:0:0:0:0:0:0:1','获取文章列表第01页','2018-02-09 16:59:58'),
	(1038,NULL,NULL,'0:0:0:0:0:0:0:1','获取首页文章','2018-02-09 16:59:59'),
	(1039,NULL,NULL,'0:0:0:0:0:0:0:1','获取首页文章','2018-02-09 16:59:59'),
	(1040,NULL,NULL,'0:0:0:0:0:0:0:1','获取首页文章','2018-02-09 17:00:00'),
	(1041,NULL,NULL,'0:0:0:0:0:0:0:1','获取文章列表第01页','2018-02-09 17:00:01'),
	(1042,NULL,NULL,'0:0:0:0:0:0:0:1','获取文章列表第01页','2018-02-09 17:00:01'),
	(1043,NULL,NULL,'0:0:0:0:0:0:0:1','获取文章列表第01页','2018-02-09 17:00:03'),
	(1044,NULL,NULL,'0:0:0:0:0:0:0:1','获取文章列表第01页','2018-02-09 17:00:03'),
	(1045,NULL,NULL,'0:0:0:0:0:0:0:1','获取文章列表第01页','2018-02-09 17:00:05'),
	(1046,NULL,NULL,'0:0:0:0:0:0:0:1','获取文章列表第01页','2018-02-09 17:00:05'),
	(1047,NULL,NULL,'0:0:0:0:0:0:0:1','获取文章列表第01页','2018-02-09 17:00:06'),
	(1048,NULL,NULL,'0:0:0:0:0:0:0:1','获取文章列表第01页','2018-02-09 17:00:06'),
	(1049,NULL,NULL,'42.236.187.210','获取首页文章','2018-02-10 09:43:00'),
	(1050,NULL,NULL,'42.236.187.210','获取文章详情id=17','2018-02-10 09:43:10'),
	(1051,NULL,NULL,'42.236.187.210','获取文章列表第01页','2018-02-10 09:43:13'),
	(1052,NULL,NULL,'42.236.187.210','获取文章列表第01页','2018-02-10 09:43:13'),
	(1053,NULL,NULL,'42.236.187.210','获取文章列表第01页','2018-02-10 09:43:17'),
	(1054,NULL,NULL,'42.236.187.210','获取文章列表第01页','2018-02-10 09:43:17'),
	(1055,NULL,NULL,'42.236.187.210','获取首页文章','2018-02-10 09:43:18'),
	(1056,NULL,NULL,'42.236.187.210','获取首页文章','2018-02-10 09:43:18'),
	(1057,NULL,NULL,'42.236.187.210','获取文章列表第01页','2018-02-10 09:43:19'),
	(1058,NULL,NULL,'42.236.187.210','获取文章列表第01页','2018-02-10 09:43:19'),
	(1059,NULL,NULL,'42.236.187.210','获取文章列表第01页','2018-02-10 09:43:27'),
	(1060,NULL,NULL,'42.236.187.210','获取文章列表第01页','2018-02-10 09:43:31'),
	(1061,NULL,NULL,'42.236.187.210','获取文章列表第01页','2018-02-10 09:43:31'),
	(1062,NULL,NULL,'42.236.187.210','获取首页文章','2018-02-10 09:43:38'),
	(1063,NULL,NULL,'42.236.187.210','获取文章详情id=18','2018-02-10 09:43:40'),
	(1064,NULL,NULL,'42.236.187.210','获取文章详情id=17','2018-02-10 09:43:43'),
	(1065,NULL,NULL,'42.236.187.210','获取首页文章','2018-02-10 09:46:46'),
	(1066,NULL,NULL,'42.236.187.210','获取文章详情id=17','2018-02-10 09:47:04'),
	(1067,NULL,NULL,'42.236.187.210','获取首页文章','2018-02-10 09:47:11'),
	(1068,NULL,NULL,'42.236.187.210','获取首页文章','2018-02-10 09:47:11'),
	(1069,NULL,NULL,'42.236.187.210','获取首页文章','2018-02-10 09:47:12'),
	(1070,NULL,NULL,'42.236.187.210','获取首页文章','2018-02-10 09:47:13'),
	(1071,NULL,NULL,'42.236.187.210','获取首页文章','2018-02-10 09:48:12'),
	(1072,NULL,NULL,'42.236.187.210','获取文章列表第01页','2018-02-10 09:48:15'),
	(1073,NULL,NULL,'42.236.187.210','获取文章列表第01页','2018-02-10 09:48:15'),
	(1074,NULL,NULL,'42.236.187.210','获取文章列表第01页','2018-02-10 09:48:18'),
	(1075,NULL,NULL,'42.236.187.210','获取文章列表第01页','2018-02-10 09:48:18'),
	(1076,NULL,NULL,'42.236.187.210','获取文章列表第01页','2018-02-10 09:48:20'),
	(1077,NULL,NULL,'42.236.187.210','获取文章列表第01页','2018-02-10 09:48:20'),
	(1078,NULL,NULL,'42.236.187.210','获取文章列表第01页','2018-02-10 09:48:21'),
	(1079,NULL,NULL,'42.236.187.210','获取文章列表第01页','2018-02-10 09:48:21'),
	(1080,NULL,NULL,'42.236.187.210','获取文章列表第01页','2018-02-10 09:48:22'),
	(1081,NULL,NULL,'42.236.187.210','获取文章列表第01页','2018-02-10 09:48:22'),
	(1082,NULL,NULL,'42.236.187.210','获取文章列表第01页','2018-02-10 09:48:22'),
	(1083,NULL,NULL,'42.236.187.210','获取文章列表第01页','2018-02-10 09:48:22'),
	(1084,NULL,NULL,'42.236.187.210','获取文章列表第01页','2018-02-10 09:48:24'),
	(1085,NULL,NULL,'42.236.187.210','获取文章列表第01页','2018-02-10 09:48:24'),
	(1086,NULL,NULL,'42.236.187.210','获取文章列表第01页','2018-02-10 09:48:25'),
	(1087,NULL,NULL,'42.236.187.210','获取文章列表第01页','2018-02-10 09:48:25'),
	(1088,NULL,NULL,'42.236.187.210','获取文章列表第01页','2018-02-10 09:48:26'),
	(1089,NULL,NULL,'42.236.187.210','获取文章列表第01页','2018-02-10 09:48:26'),
	(1090,NULL,NULL,'42.236.187.210','获取文章列表第01页','2018-02-10 09:48:27'),
	(1091,NULL,NULL,'42.236.187.210','获取文章列表第01页','2018-02-10 09:48:27'),
	(1092,NULL,NULL,'42.236.187.210','获取文章列表第01页','2018-02-10 09:48:28'),
	(1093,NULL,NULL,'42.236.187.210','获取文章列表第01页','2018-02-10 09:48:28'),
	(1094,NULL,NULL,'42.236.187.210','获取文章列表第01页','2018-02-10 09:48:29'),
	(1095,NULL,NULL,'42.236.187.210','获取文章列表第01页','2018-02-10 09:48:29'),
	(1096,NULL,NULL,'42.236.187.210','获取文章列表第01页','2018-02-10 09:48:30'),
	(1097,NULL,NULL,'42.236.187.210','获取文章列表第01页','2018-02-10 09:48:30'),
	(1098,NULL,NULL,'42.236.187.210','获取文章列表第01页','2018-02-10 09:48:31'),
	(1099,NULL,NULL,'42.236.187.210','获取文章列表第01页','2018-02-10 09:48:31'),
	(1100,NULL,NULL,'42.236.187.210','获取文章列表第01页','2018-02-10 09:48:32'),
	(1101,NULL,NULL,'42.236.187.210','获取文章列表第01页','2018-02-10 09:48:32'),
	(1102,NULL,NULL,'42.236.187.210','获取文章列表第01页','2018-02-10 09:48:33'),
	(1103,NULL,NULL,'42.236.187.210','获取文章列表第01页','2018-02-10 09:48:33'),
	(1104,NULL,NULL,'42.236.187.210','获取文章列表第01页','2018-02-10 09:48:33'),
	(1105,NULL,NULL,'42.236.187.210','获取文章列表第01页','2018-02-10 09:48:33'),
	(1106,NULL,NULL,'42.236.187.210','获取文章列表第01页','2018-02-10 09:48:35'),
	(1107,NULL,NULL,'42.236.187.210','获取文章列表第01页','2018-02-10 09:48:35'),
	(1108,NULL,NULL,'42.236.187.210','获取文章列表第01页','2018-02-10 09:48:36'),
	(1109,NULL,NULL,'42.236.187.210','获取文章列表第01页','2018-02-10 09:48:36'),
	(1110,NULL,NULL,'42.236.187.210','获取文章列表第01页','2018-02-10 09:48:36'),
	(1111,NULL,NULL,'42.236.187.210','获取文章列表第01页','2018-02-10 09:48:36'),
	(1112,NULL,NULL,'42.236.187.210','获取文章列表第01页','2018-02-10 09:48:41'),
	(1113,NULL,NULL,'42.236.187.210','获取文章列表第01页','2018-02-10 09:48:41'),
	(1114,NULL,NULL,'42.236.187.210','获取文章列表第01页','2018-02-10 09:48:41'),
	(1115,NULL,NULL,'42.236.187.210','获取文章列表第01页','2018-02-10 09:48:41'),
	(1116,NULL,NULL,'42.236.187.210','获取文章列表第01页','2018-02-10 09:48:42'),
	(1117,NULL,NULL,'42.236.187.210','获取文章列表第01页','2018-02-10 09:48:42'),
	(1118,NULL,NULL,'42.236.187.210','获取文章列表第01页','2018-02-10 09:48:42'),
	(1119,NULL,NULL,'42.236.187.210','获取文章列表第01页','2018-02-10 09:48:42'),
	(1120,NULL,NULL,'42.236.187.210','获取文章列表第01页','2018-02-10 09:48:43'),
	(1121,NULL,NULL,'42.236.187.210','获取文章列表第01页','2018-02-10 09:48:43'),
	(1122,NULL,NULL,'42.236.187.210','获取文章列表第01页','2018-02-10 09:48:43'),
	(1123,NULL,NULL,'42.236.187.210','获取文章列表第01页','2018-02-10 09:48:43'),
	(1124,NULL,NULL,'42.236.187.210','获取首页文章','2018-02-10 09:50:16'),
	(1125,NULL,NULL,'42.236.187.210','获取文章详情id=18','2018-02-10 09:50:18'),
	(1126,NULL,NULL,'42.236.187.210','获取首页文章','2018-02-10 09:50:20'),
	(1127,NULL,NULL,'42.236.187.210','获取文章列表第01页','2018-02-10 09:50:21'),
	(1128,NULL,NULL,'42.236.187.210','获取文章列表第01页','2018-02-10 09:50:21'),
	(1129,NULL,NULL,'42.236.187.210','获取首页文章','2018-02-10 09:50:22'),
	(1130,NULL,NULL,'42.236.187.210','获取文章列表第01页','2018-02-10 09:50:23'),
	(1131,NULL,NULL,'42.236.187.210','获取文章列表第01页','2018-02-10 09:50:23'),
	(1132,NULL,NULL,'42.236.187.210','获取首页文章','2018-02-10 09:50:23'),
	(1133,NULL,NULL,'42.236.187.210','获取文章列表第01页','2018-02-10 09:50:24'),
	(1134,NULL,NULL,'42.236.187.210','获取文章列表第01页','2018-02-10 09:50:24'),
	(1135,NULL,NULL,'42.236.187.210','获取首页文章','2018-02-10 09:50:46'),
	(1136,NULL,NULL,'42.236.187.210','获取文章列表第01页','2018-02-10 09:50:48'),
	(1137,NULL,NULL,'42.236.187.210','获取文章列表第01页','2018-02-10 09:50:48'),
	(1138,NULL,NULL,'42.236.187.210','获取首页文章','2018-02-10 09:50:50'),
	(1139,NULL,NULL,'42.236.187.210','获取首页文章','2018-02-10 09:50:50'),
	(1140,NULL,NULL,'42.236.187.210','获取文章列表第01页','2018-02-10 09:50:50'),
	(1141,NULL,NULL,'42.236.187.210','获取文章列表第01页','2018-02-10 09:50:50'),
	(1142,NULL,NULL,'42.236.187.210','获取文章详情id=18','2018-02-10 09:50:52'),
	(1143,NULL,NULL,'42.236.187.210','获取首页文章','2018-02-10 09:50:56'),
	(1144,NULL,NULL,'42.236.187.210','获取文章列表第01页','2018-02-10 09:50:57'),
	(1145,NULL,NULL,'42.236.187.210','获取文章列表第01页','2018-02-10 09:50:57'),
	(1146,NULL,NULL,'42.236.187.210','获取首页文章','2018-02-10 09:50:57'),
	(1147,NULL,NULL,'42.236.187.210','获取文章列表第01页','2018-02-10 09:50:58'),
	(1148,NULL,NULL,'42.236.187.210','获取文章列表第01页','2018-02-10 09:50:58'),
	(1149,NULL,NULL,'42.236.187.210','获取文章列表第01页','2018-02-10 09:53:09'),
	(1150,NULL,NULL,'42.236.187.210','获取文章列表第01页','2018-02-10 09:53:09'),
	(1151,NULL,NULL,'42.236.187.210','获取首页文章','2018-02-10 09:53:29'),
	(1152,NULL,NULL,'42.236.187.210','获取文章列表第01页','2018-02-10 09:57:26'),
	(1153,NULL,NULL,'42.236.187.210','获取文章列表第01页','2018-02-10 09:57:26'),
	(1154,NULL,NULL,'42.236.187.210','获取文章列表第01页','2018-02-10 09:57:35'),
	(1155,NULL,NULL,'42.236.187.210','获取文章列表第01页','2018-02-10 09:57:35'),
	(1156,NULL,NULL,'42.236.187.210','获取文章列表第01页','2018-02-10 09:58:04'),
	(1157,NULL,NULL,'42.236.187.210','获取文章列表第01页','2018-02-10 09:58:04'),
	(1158,NULL,NULL,'42.236.187.210','获取文章列表第01页','2018-02-10 09:58:10'),
	(1159,NULL,NULL,'42.236.187.210','获取文章列表第01页','2018-02-10 09:58:10'),
	(1160,NULL,NULL,'42.236.187.210','获取首页文章','2018-02-10 09:58:12'),
	(1161,NULL,NULL,'42.236.187.210','获取首页文章','2018-02-10 09:58:13'),
	(1162,NULL,NULL,'42.236.187.210','获取文章列表第01页','2018-02-10 09:58:14'),
	(1163,NULL,NULL,'42.236.187.210','获取文章列表第01页','2018-02-10 09:58:14'),
	(1164,NULL,NULL,'42.236.187.210','获取文章列表第01页','2018-02-10 09:58:14'),
	(1165,NULL,NULL,'42.236.187.210','获取文章列表第01页','2018-02-10 09:58:14'),
	(1166,NULL,NULL,'42.236.187.210','获取首页文章','2018-02-10 10:01:41'),
	(1167,NULL,NULL,'42.236.187.210','获取文章详情id=17','2018-02-10 10:05:40'),
	(1168,NULL,NULL,'42.236.187.210','获取文章详情id=17','2018-02-10 10:07:57'),
	(1169,NULL,NULL,'42.236.187.210','获取首页文章','2018-02-10 10:15:36'),
	(1170,NULL,NULL,'42.236.187.210','获取文章详情id=17','2018-02-10 10:18:10'),
	(1171,NULL,NULL,'42.236.187.210','获取首页文章','2018-02-10 10:18:12'),
	(1172,NULL,NULL,'42.236.187.210','获取首页文章','2018-02-10 10:30:59'),
	(1173,NULL,NULL,'42.236.187.210','获取文章列表第01页','2018-02-10 10:31:06'),
	(1174,NULL,NULL,'42.236.187.210','获取文章列表第01页','2018-02-10 10:31:17'),
	(1175,NULL,NULL,'42.236.187.210','获取文章列表第01页','2018-02-10 10:31:21'),
	(1176,NULL,NULL,'42.236.187.210','获取文章列表第01页','2018-02-10 10:31:42'),
	(1177,NULL,NULL,'42.236.187.210','获取文章列表第01页','2018-02-10 10:32:04'),
	(1178,NULL,NULL,'42.236.187.210','获取文章列表第01页','2018-02-10 10:32:06'),
	(1179,NULL,NULL,'42.236.187.210','获取文章详情id=18','2018-02-10 10:32:07'),
	(1180,NULL,NULL,'42.236.187.210','获取文章详情id=18','2018-02-10 10:32:11'),
	(1181,NULL,NULL,'42.236.187.210','获取文章列表第01页','2018-02-10 10:33:21'),
	(1182,NULL,NULL,'42.236.187.210','获取文章详情id=18','2018-02-10 10:33:23'),
	(1183,NULL,NULL,'0:0:0:0:0:0:0:1','获取文章列表第01页','2018-02-10 10:43:51'),
	(1184,NULL,NULL,'42.236.187.210','获取文章列表第01页','2018-02-10 10:46:57'),
	(1185,NULL,NULL,'42.236.187.210','获取文章列表第01页','2018-02-10 10:47:10'),
	(1186,NULL,NULL,'42.236.187.210','获取文章详情id=17','2018-02-10 10:47:17'),
	(1187,NULL,NULL,'42.236.187.210','获取文章详情id=17','2018-02-10 10:51:04'),
	(1188,'lhr',3,'42.236.187.210','修改文章id=17','2018-02-10 10:51:04'),
	(1189,NULL,NULL,'42.236.187.210','获取首页文章','2018-02-10 10:51:10'),
	(1190,NULL,NULL,'42.236.187.210','获取文章详情id=18','2018-02-10 10:51:12'),
	(1191,NULL,NULL,'42.236.187.210','获取首页文章','2018-02-10 10:51:13'),
	(1192,NULL,NULL,'42.236.187.210','获取文章列表第01页','2018-02-10 10:51:13'),
	(1193,NULL,NULL,'42.236.187.210','获取文章列表第01页','2018-02-10 10:51:13'),
	(1194,NULL,NULL,'42.236.187.210','获取首页文章','2018-02-10 10:51:15'),
	(1195,NULL,NULL,'42.236.187.210','获取首页文章','2018-02-10 10:51:16'),
	(1196,NULL,NULL,'42.236.187.210','获取首页文章','2018-02-10 10:51:16'),
	(1197,NULL,NULL,'42.236.187.210','获取文章列表第01页','2018-02-10 10:51:17'),
	(1198,NULL,NULL,'42.236.187.210','获取文章列表第01页','2018-02-10 10:51:17'),
	(1199,NULL,NULL,'42.236.187.210','获取首页文章','2018-02-10 10:51:17'),
	(1200,NULL,NULL,'42.236.187.210','获取文章列表第01页','2018-02-10 10:51:18'),
	(1201,NULL,NULL,'42.236.187.210','获取文章列表第01页','2018-02-10 10:51:18'),
	(1202,NULL,NULL,'42.236.187.210','获取首页文章','2018-02-10 10:51:20'),
	(1203,NULL,NULL,'42.236.187.210','获取文章详情id=18','2018-02-10 10:51:24'),
	(1204,NULL,NULL,'42.236.187.210','获取首页文章','2018-02-10 10:51:29'),
	(1205,NULL,NULL,'42.236.187.210','获取文章详情id=17','2018-02-10 10:51:31'),
	(1206,NULL,NULL,'42.236.187.210','获取文章列表第01页','2018-02-10 10:51:53'),
	(1207,NULL,NULL,'42.236.187.210','获取文章列表第01页','2018-02-10 10:51:57'),
	(1208,NULL,NULL,'42.236.187.210','获取文章列表第01页','2018-02-10 10:51:58'),
	(1209,NULL,NULL,'42.236.187.210','获取文章详情id=17','2018-02-10 10:52:01'),
	(1210,NULL,NULL,'42.236.187.210','获取文章详情id=17','2018-02-10 10:53:15'),
	(1211,'lhr',3,'42.236.187.210','修改文章id=17','2018-02-10 10:53:15'),
	(1212,NULL,NULL,'42.236.187.210','获取文章列表第01页','2018-02-10 10:53:20'),
	(1213,NULL,NULL,'42.236.187.210','获取文章详情id=17','2018-02-10 10:53:21'),
	(1214,NULL,NULL,'42.236.187.210','获取文章列表第01页','2018-02-10 10:53:24'),
	(1215,NULL,NULL,'42.236.187.210','获取文章列表第01页','2018-02-10 10:53:54'),
	(1216,NULL,NULL,'42.236.187.210','获取首页文章','2018-02-10 10:54:18'),
	(1217,NULL,NULL,'42.236.187.210','获取文章详情id=17','2018-02-10 10:54:19'),
	(1218,NULL,NULL,'42.236.187.210','获取文章详情id=17','2018-02-10 10:57:29'),
	(1219,NULL,NULL,'42.236.187.210','获取首页文章','2018-02-10 10:59:10'),
	(1220,NULL,NULL,'42.236.187.210','获取文章详情id=18','2018-02-10 10:59:13'),
	(1221,NULL,NULL,'42.236.187.210','获取文章列表第01页','2018-02-10 10:59:23'),
	(1222,NULL,NULL,'42.236.187.210','获取文章列表第01页','2018-02-10 10:59:23'),
	(1223,NULL,NULL,'42.236.187.210','获取首页文章','2018-02-10 10:59:24'),
	(1224,NULL,NULL,'0:0:0:0:0:0:0:1','获取首页文章','2018-02-10 11:01:12'),
	(1225,NULL,NULL,'0:0:0:0:0:0:0:1','获取文章详情id=17','2018-02-10 11:01:30'),
	(1226,NULL,NULL,'0:0:0:0:0:0:0:1','获取首页文章','2018-02-10 11:01:36'),
	(1227,NULL,NULL,'0:0:0:0:0:0:0:1','获取文章列表第01页','2018-02-10 11:01:37'),
	(1228,NULL,NULL,'0:0:0:0:0:0:0:1','获取文章列表第01页','2018-02-10 11:01:37'),
	(1229,NULL,NULL,'0:0:0:0:0:0:0:1','获取文章列表第01页','2018-02-10 11:01:40'),
	(1230,NULL,NULL,'0:0:0:0:0:0:0:1','获取文章列表第01页','2018-02-10 11:01:40'),
	(1231,NULL,NULL,'0:0:0:0:0:0:0:1','获取文章列表第01页','2018-02-10 11:02:22'),
	(1232,NULL,NULL,'0:0:0:0:0:0:0:1','获取文章列表第01页','2018-02-10 11:02:22'),
	(1233,NULL,NULL,'0:0:0:0:0:0:0:1','获取首页文章','2018-02-10 11:03:04'),
	(1234,NULL,NULL,'0:0:0:0:0:0:0:1','获取文章列表第01页','2018-02-10 11:08:00'),
	(1235,NULL,NULL,'0:0:0:0:0:0:0:1','获取文章列表第01页','2018-02-10 11:08:01'),
	(1236,NULL,NULL,'61.158.148.62','获取首页文章','2018-02-10 11:09:11'),
	(1237,NULL,NULL,'0:0:0:0:0:0:0:1','获取首页文章','2018-02-10 11:13:20'),
	(1238,NULL,NULL,'182.122.9.55','获取首页文章','2018-02-10 11:14:02'),
	(1239,NULL,NULL,'182.122.9.55','获取首页文章','2018-02-10 11:15:02'),
	(1240,NULL,NULL,'182.122.9.55','获取文章详情id=18','2018-02-10 11:15:20'),
	(1241,NULL,NULL,'182.122.9.55','获取首页文章','2018-02-10 11:15:40'),
	(1242,NULL,NULL,'182.122.9.55','获取首页文章','2018-02-10 11:15:48'),
	(1243,NULL,NULL,'42.236.187.210','获取首页文章','2018-02-10 13:56:00'),
	(1244,NULL,NULL,'61.158.147.248','获取首页文章','2018-02-10 15:29:48'),
	(1245,NULL,NULL,'106.2.236.155','获取首页文章','2018-02-10 15:30:31'),
	(1246,NULL,NULL,'183.57.53.177','获取首页文章','2018-02-10 15:30:32'),
	(1247,NULL,NULL,'106.2.236.155','获取文章详情id=18','2018-02-10 15:30:43'),
	(1248,NULL,NULL,'38.142.99.34','获取首页文章','2018-02-10 15:55:40'),
	(1249,NULL,NULL,'117.136.61.20','获取首页文章','2018-02-10 16:03:38'),
	(1250,NULL,NULL,'47.93.112.232','获取首页文章','2018-02-10 16:11:47'),
	(1251,NULL,NULL,'223.104.19.121','获取首页文章','2018-02-10 17:02:22'),
	(1252,NULL,NULL,'42.224.233.157','获取首页文章','2018-02-10 17:07:56'),
	(1253,NULL,NULL,'42.224.233.157','获取文章详情id=17','2018-02-10 17:07:58'),
	(1254,NULL,NULL,'140.205.225.187','获取首页文章','2018-02-10 18:00:46'),
	(1255,NULL,NULL,'140.205.225.187','获取首页文章','2018-02-10 18:11:35'),
	(1256,NULL,NULL,'171.10.196.23','获取首页文章','2018-02-10 18:22:39'),
	(1257,NULL,NULL,'171.10.196.23','获取文章详情id=17','2018-02-10 18:22:55'),
	(1258,NULL,NULL,'171.10.196.23','获取文章详情id=17','2018-02-10 18:23:27'),
	(1259,NULL,NULL,'171.10.196.23','获取首页文章','2018-02-10 18:24:42'),
	(1260,NULL,NULL,'171.10.196.23','获取文章详情id=18','2018-02-10 18:24:52'),
	(1261,NULL,NULL,'171.10.196.23','获取文章列表第01页','2018-02-10 18:25:12'),
	(1262,NULL,NULL,'171.10.196.23','获取文章列表第01页','2018-02-10 18:25:12'),
	(1263,NULL,NULL,'171.10.196.23','获取文章列表第01页','2018-02-10 18:25:15'),
	(1264,NULL,NULL,'171.10.196.23','获取文章列表第01页','2018-02-10 18:25:15'),
	(1265,NULL,NULL,'171.10.196.23','获取文章详情id=17','2018-02-10 18:25:19'),
	(1266,NULL,NULL,'171.10.196.23','获取首页文章','2018-02-10 18:25:57'),
	(1267,NULL,NULL,'171.10.196.23','获取文章详情id=17','2018-02-10 18:26:20'),
	(1268,NULL,NULL,'140.205.225.187','获取首页文章','2018-02-10 18:27:04'),
	(1269,NULL,NULL,'171.10.196.23','获取文章详情id=17','2018-02-10 18:27:50'),
	(1270,NULL,NULL,'171.10.196.23','获取文章详情id=17','2018-02-10 18:27:53'),
	(1271,NULL,NULL,'171.10.196.23','获取文章列表第01页','2018-02-10 18:28:10'),
	(1272,NULL,NULL,'171.10.196.23','获取文章列表第01页','2018-02-10 18:28:10'),
	(1273,NULL,NULL,'171.10.196.23','获取首页文章','2018-02-10 18:28:34'),
	(1274,NULL,NULL,'171.10.196.23','获取文章列表第01页','2018-02-10 18:28:40'),
	(1275,NULL,NULL,'171.10.196.23','获取首页文章','2018-02-10 18:30:07'),
	(1276,NULL,NULL,'171.10.196.23','获取首页文章','2018-02-10 18:30:07'),
	(1277,NULL,NULL,'171.10.196.23','获取文章详情id=18','2018-02-10 18:30:08'),
	(1278,NULL,NULL,'171.10.196.23','获取首页文章','2018-02-10 18:30:17'),
	(1279,NULL,NULL,'171.10.196.23','获取文章详情id=17','2018-02-10 18:30:21'),
	(1280,NULL,NULL,'171.10.196.23','获取首页文章','2018-02-10 18:30:29'),
	(1281,NULL,NULL,'171.10.196.23','获取文章详情id=18','2018-02-10 18:30:38'),
	(1282,NULL,NULL,'171.10.196.23','获取文章详情id=17','2018-02-10 18:30:39'),
	(1283,NULL,NULL,'171.10.196.23','获取首页文章','2018-02-10 18:37:09'),
	(1284,NULL,NULL,'171.10.196.23','获取文章详情id=18','2018-02-10 18:39:55'),
	(1285,NULL,NULL,'140.205.225.187','获取首页文章','2018-02-10 18:44:04'),
	(1286,NULL,NULL,'140.205.225.187','获取首页文章','2018-02-10 18:44:38'),
	(1287,NULL,NULL,'140.205.225.187','获取首页文章','2018-02-10 18:44:54'),
	(1288,NULL,NULL,'61.158.147.114','获取首页文章','2018-02-10 18:52:42'),
	(1289,NULL,NULL,'218.28.68.118','获取首页文章','2018-02-10 21:29:49'),
	(1290,NULL,NULL,'14.17.3.64','获取首页文章','2018-02-10 21:29:50'),
	(1291,NULL,NULL,'47.96.254.10','获取首页文章','2018-02-11 00:01:10'),
	(1292,NULL,NULL,'47.93.112.232','获取首页文章','2018-02-11 00:04:34'),
	(1293,NULL,NULL,'47.97.23.199','获取首页文章','2018-02-11 03:04:28'),
	(1294,NULL,NULL,'123.59.56.127','获取首页文章','2018-02-11 03:16:05'),
	(1295,NULL,NULL,'54.183.130.127','获取首页文章','2018-02-11 05:11:15'),
	(1296,NULL,NULL,'183.199.34.158','获取首页文章','2018-02-11 05:37:45'),
	(1297,NULL,NULL,'183.199.34.158','获取首页文章','2018-02-11 05:40:02'),
	(1298,NULL,NULL,'183.199.34.158','获取文章详情id=18','2018-02-11 05:40:15'),
	(1299,NULL,NULL,'47.93.112.232','获取首页文章','2018-02-11 08:02:45'),
	(1300,NULL,NULL,'42.236.184.86','获取首页文章','2018-02-11 08:37:55'),
	(1301,NULL,NULL,'42.236.184.86','获取文章列表第01页','2018-02-11 08:38:01'),
	(1302,NULL,NULL,'42.236.184.86','获取文章列表第01页','2018-02-11 08:38:01'),
	(1303,NULL,NULL,'42.236.184.86','获取首页文章','2018-02-11 08:38:03'),
	(1304,NULL,NULL,'42.236.184.86','获取文章详情id=17','2018-02-11 08:38:14'),
	(1305,NULL,NULL,'119.147.207.144','获取首页文章','2018-02-11 09:08:08'),
	(1306,NULL,NULL,'212.47.243.192','获取首页文章','2018-02-11 09:14:31'),
	(1307,NULL,NULL,'61.158.149.50','获取首页文章','2018-02-11 11:06:58'),
	(1308,NULL,NULL,'61.163.77.38','获取文章详情id=18','2018-02-11 11:46:20'),
	(1309,NULL,NULL,'61.163.77.38','获取文章详情id=17','2018-02-11 11:46:27'),
	(1310,NULL,NULL,'61.158.147.1','获取首页文章','2018-02-11 11:58:35'),
	(1311,NULL,NULL,'66.133.76.70','获取首页文章','2018-02-11 12:14:23'),
	(1312,NULL,NULL,'61.158.146.58','获取首页文章','2018-02-11 12:41:40'),
	(1313,NULL,NULL,'183.205.144.137','获取文章详情id=18','2018-02-11 12:49:55'),
	(1314,NULL,NULL,'183.205.144.137','获取文章列表第01页','2018-02-11 12:51:04'),
	(1315,NULL,NULL,'183.205.144.137','获取文章列表第01页','2018-02-11 12:51:04'),
	(1316,NULL,NULL,'123.55.50.1','获取首页文章','2018-02-11 13:01:11'),
	(1317,NULL,NULL,'66.249.71.75','获取首页文章','2018-02-11 13:13:38'),
	(1318,NULL,NULL,'42.232.192.45','获取文章列表第01页','2018-02-11 13:19:55'),
	(1319,NULL,NULL,'42.232.192.45','获取文章列表第01页','2018-02-11 13:19:55'),
	(1320,NULL,NULL,'42.236.184.86','获取首页文章','2018-02-11 13:48:42'),
	(1321,NULL,NULL,'42.236.184.86','获取文章详情id=17','2018-02-11 13:49:18'),
	(1322,NULL,NULL,'42.236.184.86','获取文章详情id=18','2018-02-11 13:49:37'),
	(1323,NULL,NULL,'110.77.0.197','获取文章详情id=18','2018-02-11 13:59:51'),
	(1324,NULL,NULL,'66.249.71.77','获取文章详情id=17','2018-02-11 14:20:13'),
	(1325,NULL,NULL,'66.249.71.75','获取首页文章','2018-02-11 14:20:41'),
	(1326,NULL,NULL,'66.249.71.79','获取文章列表第01页','2018-02-11 14:22:18'),
	(1327,NULL,NULL,'66.249.71.79','获取文章列表第01页','2018-02-11 14:22:18'),
	(1328,NULL,NULL,'66.249.71.77','获取文章详情id=18','2018-02-11 14:23:26'),
	(1329,NULL,NULL,'123.161.250.128','获取首页文章','2018-02-11 15:12:26'),
	(1330,NULL,NULL,'218.28.66.14','获取文章详情id=18','2018-02-11 15:23:38'),
	(1331,NULL,NULL,'112.17.239.168','获取首页文章','2018-02-11 15:46:21'),
	(1332,NULL,NULL,'47.93.112.232','获取首页文章','2018-02-11 16:04:25'),
	(1333,NULL,NULL,'14.17.3.65','获取首页文章','2018-02-11 17:46:59'),
	(1334,NULL,NULL,'66.249.71.79','获取文章列表第01页','2018-02-11 19:35:13'),
	(1335,NULL,NULL,'66.249.71.79','获取文章列表第01页','2018-02-11 19:35:13'),
	(1336,NULL,NULL,'137.226.113.23','获取首页文章','2018-02-11 19:35:26'),
	(1337,NULL,NULL,'58.243.254.72','获取首页文章','2018-02-11 20:21:38'),
	(1338,NULL,NULL,'140.205.201.42','获取首页文章','2018-02-11 20:39:07'),
	(1339,NULL,NULL,'140.205.201.42','获取首页文章','2018-02-11 20:39:54'),
	(1340,NULL,NULL,'140.205.201.42','获取首页文章','2018-02-11 20:41:17'),
	(1341,NULL,NULL,'140.205.201.42','获取首页文章','2018-02-11 20:46:34'),
	(1342,NULL,NULL,'140.205.201.42','获取首页文章','2018-02-11 20:48:03'),
	(1343,NULL,NULL,'140.205.201.42','获取首页文章','2018-02-11 20:48:39'),
	(1344,NULL,NULL,'42.236.99.154','获取首页文章','2018-02-11 22:33:51'),
	(1345,NULL,NULL,'66.249.71.77','获取首页文章','2018-02-11 22:59:35'),
	(1346,NULL,NULL,'183.205.144.239','获取文章详情id=18','2018-02-11 23:07:20'),
	(1347,NULL,NULL,'1.198.22.183','获取首页文章','2018-02-11 23:41:20'),
	(1348,NULL,NULL,'1.198.22.183','获取文章详情id=17','2018-02-11 23:41:29'),
	(1349,NULL,NULL,'66.249.71.79','获取首页文章','2018-02-11 23:55:36'),
	(1350,NULL,NULL,'114.215.45.101','获取首页文章','2018-02-12 00:08:57'),
	(1351,NULL,NULL,'39.107.14.208','获取首页文章','2018-02-12 00:25:00'),
	(1352,NULL,NULL,'66.249.71.75','获取首页文章','2018-02-12 00:26:10'),
	(1353,NULL,NULL,'47.95.28.143','获取首页文章','2018-02-12 01:46:19'),
	(1354,NULL,NULL,'66.249.71.77','获取首页文章','2018-02-12 02:02:24'),
	(1355,NULL,NULL,'113.129.130.237','获取首页文章','2018-02-12 04:28:38'),
	(1356,NULL,NULL,'140.205.205.25','获取首页文章','2018-02-12 05:07:01'),
	(1357,NULL,NULL,'116.62.176.205','获取首页文章','2018-02-12 08:02:18'),
	(1358,NULL,NULL,'42.236.10.113','获取首页文章','2018-02-12 08:37:55'),
	(1359,NULL,NULL,'64.246.165.180','获取首页文章','2018-02-12 14:28:26'),
	(1360,NULL,NULL,'64.246.165.180','获取首页文章','2018-02-12 14:28:27'),
	(1361,NULL,NULL,'171.10.196.23','获取首页文章','2018-02-12 14:43:22'),
	(1362,NULL,NULL,'171.10.196.23','获取文章详情id=17','2018-02-12 14:43:28'),
	(1363,NULL,NULL,'171.10.196.23','获取文章列表第01页','2018-02-12 14:43:59'),
	(1364,NULL,NULL,'171.10.196.23','获取文章列表第01页','2018-02-12 14:44:18'),
	(1365,NULL,NULL,'47.93.90.175','获取首页文章','2018-02-12 16:18:47'),
	(1366,NULL,NULL,'118.114.243.86','获取首页文章','2018-02-12 17:44:34'),
	(1367,NULL,NULL,'140.205.225.204','获取首页文章','2018-02-12 17:57:12'),
	(1368,NULL,NULL,'140.205.225.204','获取首页文章','2018-02-12 18:07:35'),
	(1369,NULL,NULL,'140.205.225.204','获取首页文章','2018-02-12 18:33:04'),
	(1370,NULL,NULL,'140.205.225.204','获取首页文章','2018-02-12 18:54:54'),
	(1371,NULL,NULL,'140.205.225.204','获取首页文章','2018-02-12 18:57:02'),
	(1372,NULL,NULL,'140.205.225.204','获取首页文章','2018-02-12 18:57:11'),
	(1373,NULL,NULL,'66.249.71.77','获取文章列表第01页','2018-02-12 18:58:07'),
	(1374,NULL,NULL,'66.249.71.77','获取文章列表第01页','2018-02-12 18:58:07'),
	(1375,NULL,NULL,'66.249.71.79','获取首页文章','2018-02-12 19:49:06'),
	(1376,NULL,NULL,'66.249.71.75','获取文章详情id=18','2018-02-12 20:09:16'),
	(1377,NULL,NULL,'221.7.8.87','获取首页文章','2018-02-12 20:34:12'),
	(1378,NULL,NULL,'140.205.225.190','获取首页文章','2018-02-12 21:31:29'),
	(1379,NULL,NULL,'54.183.130.127','获取首页文章','2018-02-12 21:42:50'),
	(1380,NULL,NULL,'66.249.71.75','获取首页文章','2018-02-12 22:00:56'),
	(1381,NULL,NULL,'66.249.71.75','获取首页文章','2018-02-12 22:11:16'),
	(1382,NULL,NULL,'60.191.38.77','获取首页文章','2018-02-12 22:37:01'),
	(1383,NULL,NULL,'41.71.14.106','获取首页文章','2018-02-12 22:52:47'),
	(1384,NULL,NULL,'41.71.14.106','获取首页文章','2018-02-12 22:52:55'),
	(1385,NULL,NULL,'41.71.14.106','获取首页文章','2018-02-12 22:52:56'),
	(1386,NULL,NULL,'66.249.71.75','获取文章列表第01页','2018-02-12 23:12:36'),
	(1387,NULL,NULL,'66.249.71.75','获取文章列表第01页','2018-02-12 23:12:36'),
	(1388,NULL,NULL,'66.249.71.75','获取首页文章','2018-02-12 23:27:46'),
	(1389,NULL,NULL,'47.93.112.232','获取首页文章','2018-02-13 00:08:31'),
	(1390,NULL,NULL,'60.191.52.254','获取首页文章','2018-02-13 00:09:02'),
	(1391,NULL,NULL,'66.249.71.75','获取首页文章','2018-02-13 00:28:57'),
	(1392,NULL,NULL,'47.100.64.86','获取首页文章','2018-02-13 00:48:41'),
	(1393,NULL,NULL,'112.90.82.218','获取首页文章','2018-02-13 01:26:43'),
	(1394,NULL,NULL,'209.126.136.4','获取首页文章','2018-02-13 01:48:14'),
	(1395,NULL,NULL,'47.95.28.143','获取首页文章','2018-02-13 02:10:07'),
	(1396,NULL,NULL,'66.249.71.75','获取首页文章','2018-02-13 02:20:46'),
	(1397,NULL,NULL,'66.249.71.77','获取首页文章','2018-02-13 03:36:39'),
	(1398,NULL,NULL,'66.249.71.77','获取首页文章','2018-02-13 05:08:53'),
	(1399,NULL,NULL,'66.249.71.75','获取首页文章','2018-02-13 05:44:26'),
	(1400,NULL,NULL,'42.236.99.51','获取首页文章','2018-02-13 07:28:50'),
	(1401,NULL,NULL,'47.93.90.175','获取首页文章','2018-02-13 08:03:14'),
	(1402,NULL,NULL,'42.236.102.3','获取首页文章','2018-02-13 08:37:08'),
	(1403,NULL,NULL,'107.170.224.153','获取首页文章','2018-02-13 09:18:23'),
	(1404,NULL,NULL,'66.249.71.77','获取首页文章','2018-02-13 09:19:29'),
	(1405,NULL,NULL,'66.249.71.77','获取首页文章','2018-02-13 09:34:37'),
	(1406,NULL,NULL,'66.249.71.79','获取首页文章','2018-02-13 10:20:18'),
	(1407,NULL,NULL,'66.249.71.75','获取首页文章','2018-02-13 10:50:41'),
	(1408,NULL,NULL,'66.249.71.79','获取首页文章','2018-02-13 12:01:49'),
	(1409,NULL,NULL,'66.249.71.75','获取首页文章','2018-02-13 12:22:20'),
	(1410,NULL,NULL,'60.191.38.78','获取首页文章','2018-02-13 14:30:33'),
	(1411,NULL,NULL,'66.249.69.199','获取首页文章','2018-02-13 14:59:20'),
	(1412,NULL,NULL,'66.249.69.201','获取首页文章','2018-02-13 15:49:41'),
	(1413,NULL,NULL,'47.93.90.175','获取首页文章','2018-02-13 16:08:32'),
	(1414,NULL,NULL,'139.162.79.87','获取首页文章','2018-02-13 16:26:56'),
	(1415,NULL,NULL,'66.249.69.203','获取首页文章','2018-02-13 17:00:38'),
	(1416,NULL,NULL,'101.199.112.52','获取首页文章','2018-02-13 17:45:12'),
	(1417,NULL,NULL,'66.249.69.199','获取首页文章','2018-02-13 20:11:06'),
	(1418,NULL,NULL,'140.205.225.204','获取首页文章','2018-02-13 20:37:08'),
	(1419,NULL,NULL,'140.205.225.204','获取首页文章','2018-02-13 20:38:13'),
	(1420,NULL,NULL,'140.205.225.204','获取首页文章','2018-02-13 20:39:08'),
	(1421,NULL,NULL,'140.205.225.204','获取首页文章','2018-02-13 20:40:10'),
	(1422,NULL,NULL,'140.205.225.204','获取首页文章','2018-02-13 20:40:32'),
	(1423,NULL,NULL,'140.205.225.204','获取首页文章','2018-02-13 20:40:41'),
	(1424,NULL,NULL,'106.38.241.171','获取首页文章','2018-02-13 21:23:53'),
	(1425,NULL,NULL,'71.6.165.200','获取首页文章','2018-02-13 21:41:13'),
	(1426,NULL,NULL,'183.199.35.142','获取首页文章','2018-02-13 22:11:30'),
	(1427,NULL,NULL,'183.199.35.142','获取文章列表第01页','2018-02-13 22:11:43'),
	(1428,NULL,NULL,'183.199.35.142','获取文章列表第01页','2018-02-13 22:11:43'),
	(1429,NULL,NULL,'183.199.35.142','获取文章列表第01页','2018-02-13 22:11:46'),
	(1430,NULL,NULL,'183.199.35.142','获取文章列表第01页','2018-02-13 22:11:46'),
	(1431,NULL,NULL,'183.199.35.142','获取文章详情id=18','2018-02-13 22:11:48'),
	(1432,NULL,NULL,'183.199.35.142','获取文章详情id=17','2018-02-13 22:11:53'),
	(1433,NULL,NULL,'183.199.35.142','获取文章列表第01页','2018-02-13 22:12:15'),
	(1434,NULL,NULL,'183.199.35.142','获取文章列表第01页','2018-02-13 22:12:15'),
	(1435,NULL,NULL,'183.199.35.142','获取文章列表第01页','2018-02-13 22:12:18'),
	(1436,NULL,NULL,'42.236.10.100','获取首页文章','2018-02-13 23:02:23'),
	(1437,NULL,NULL,'47.93.112.232','获取首页文章','2018-02-14 00:10:00'),
	(1438,NULL,NULL,'47.96.254.10','获取首页文章','2018-02-14 00:38:34'),
	(1439,NULL,NULL,'66.249.75.4','获取首页文章','2018-02-14 01:16:47'),
	(1440,NULL,NULL,'66.249.75.30','获取首页文章','2018-02-14 02:52:59'),
	(1441,NULL,NULL,'47.97.21.76','获取首页文章','2018-02-14 03:26:55'),
	(1442,NULL,NULL,'123.59.56.127','获取首页文章','2018-02-14 04:16:07'),
	(1443,NULL,NULL,'66.249.75.29','获取首页文章','2018-02-14 04:34:44'),
	(1444,NULL,NULL,'106.38.241.171','获取文章详情id=18','2018-02-14 06:03:44'),
	(1445,NULL,NULL,'106.38.241.171','获取首页文章','2018-02-14 06:03:54'),
	(1446,NULL,NULL,'106.38.241.171','获取文章详情id=17','2018-02-14 06:04:14'),
	(1447,NULL,NULL,'140.205.205.23','获取首页文章','2018-02-14 06:35:31'),
	(1448,NULL,NULL,'94.187.199.213','获取首页文章','2018-02-14 07:38:55'),
	(1449,NULL,NULL,'47.93.112.232','获取首页文章','2018-02-14 08:18:47'),
	(1450,NULL,NULL,'38.142.184.10','获取首页文章','2018-02-14 14:04:09'),
	(1451,NULL,NULL,'66.249.69.201','获取首页文章','2018-02-14 14:27:10'),
	(1452,NULL,NULL,'66.249.69.199','获取首页文章','2018-02-14 14:52:31'),
	(1453,NULL,NULL,'59.110.6.177','获取首页文章','2018-02-14 16:07:56'),
	(1454,NULL,NULL,'90.230.37.191','获取首页文章','2018-02-14 16:12:42'),
	(1455,NULL,NULL,'66.249.69.199','获取首页文章','2018-02-14 16:48:49'),
	(1456,NULL,NULL,'66.249.69.199','获取首页文章','2018-02-14 17:49:41'),
	(1457,NULL,NULL,'66.249.69.205','获取首页文章','2018-02-14 18:55:21'),
	(1458,NULL,NULL,'47.203.89.156','获取首页文章','2018-02-14 19:55:59'),
	(1459,NULL,NULL,'60.191.38.77','获取首页文章','2018-02-14 20:01:02'),
	(1460,NULL,NULL,'42.236.99.79','获取首页文章','2018-02-14 20:32:38'),
	(1461,NULL,NULL,'66.249.69.207','获取首页文章','2018-02-14 21:12:16'),
	(1462,NULL,NULL,'140.205.225.199','获取首页文章','2018-02-14 22:00:03'),
	(1463,NULL,NULL,'66.249.69.201','获取首页文章','2018-02-14 22:49:28'),
	(1464,NULL,NULL,'114.215.45.101','获取首页文章','2018-02-15 00:04:54'),
	(1465,NULL,NULL,'66.249.69.203','获取首页文章','2018-02-15 00:36:10'),
	(1466,NULL,NULL,'120.55.13.109','获取首页文章','2018-02-15 00:51:29'),
	(1467,NULL,NULL,'66.249.69.201','获取首页文章','2018-02-15 01:52:43'),
	(1468,NULL,NULL,'66.249.69.203','获取首页文章','2018-02-15 02:08:01'),
	(1469,NULL,NULL,'118.31.244.58','获取首页文章','2018-02-15 02:18:22'),
	(1470,NULL,NULL,'66.249.69.199','获取文章详情id=17','2018-02-15 05:15:52'),
	(1471,NULL,NULL,'140.205.205.23','获取首页文章','2018-02-15 05:42:52'),
	(1472,NULL,NULL,'59.110.6.177','获取首页文章','2018-02-15 08:13:02'),
	(1473,NULL,NULL,'106.110.9.108','获取首页文章','2018-02-15 15:10:35'),
	(1474,NULL,NULL,'114.215.45.101','获取首页文章','2018-02-15 16:14:26'),
	(1475,NULL,NULL,'79.155.187.99','获取首页文章','2018-02-15 16:50:29'),
	(1476,NULL,NULL,'218.13.195.160','获取首页文章','2018-02-15 16:52:57'),
	(1477,NULL,NULL,'42.236.10.103','获取首页文章','2018-02-15 19:36:16'),
	(1478,NULL,NULL,'66.249.65.85','获取首页文章','2018-02-15 19:46:40'),
	(1479,NULL,NULL,'140.205.225.185','获取首页文章','2018-02-15 21:06:07'),
	(1480,NULL,NULL,'140.205.225.185','获取首页文章','2018-02-15 21:23:07'),
	(1481,NULL,NULL,'140.205.225.196','获取首页文章','2018-02-15 21:32:14'),
	(1482,NULL,NULL,'140.205.225.185','获取首页文章','2018-02-15 21:36:40'),
	(1483,NULL,NULL,'140.205.225.185','获取首页文章','2018-02-15 21:45:40'),
	(1484,NULL,NULL,'140.205.225.185','获取首页文章','2018-02-15 21:46:28'),
	(1485,NULL,NULL,'140.205.225.185','获取首页文章','2018-02-15 21:46:52'),
	(1486,NULL,NULL,'140.205.225.196','获取首页文章','2018-02-15 21:49:54'),
	(1487,NULL,NULL,'140.205.225.196','获取首页文章','2018-02-15 22:20:25'),
	(1488,NULL,NULL,'66.249.65.87','获取首页文章','2018-02-15 23:56:01'),
	(1489,NULL,NULL,'116.62.176.205','获取首页文章','2018-02-16 00:15:23'),
	(1490,NULL,NULL,'47.97.21.76','获取首页文章','2018-02-16 00:41:09'),
	(1491,NULL,NULL,'110.77.0.196','获取首页文章','2018-02-16 01:28:09'),
	(1492,NULL,NULL,'110.77.0.196','获取文章列表第01页','2018-02-16 01:28:39'),
	(1493,'lhr',3,'110.77.0.196','添加文章id=null','2018-02-16 01:33:27'),
	(1494,NULL,NULL,'110.77.0.196','获取文章列表第01页','2018-02-16 01:33:33'),
	(1495,NULL,NULL,'110.77.0.196','获取文章详情id=19','2018-02-16 01:33:37'),
	(1496,NULL,NULL,'110.77.0.196','获取首页文章','2018-02-16 01:33:44'),
	(1497,NULL,NULL,'110.77.0.196','获取文章列表第01页','2018-02-16 01:33:46'),
	(1498,NULL,NULL,'110.77.0.196','获取文章列表第01页','2018-02-16 01:33:46'),
	(1499,NULL,NULL,'110.77.0.196','获取首页文章','2018-02-16 01:33:47'),
	(1500,NULL,NULL,'110.77.0.196','获取文章详情id=19','2018-02-16 01:33:50'),
	(1501,NULL,NULL,'110.77.0.196','获取文章详情id=19','2018-02-16 01:34:12'),
	(1502,NULL,NULL,'110.77.0.196','获取文章详情id=19','2018-02-16 01:34:29'),
	(1503,NULL,NULL,'110.77.0.196','获取首页文章','2018-02-16 01:37:06'),
	(1504,NULL,NULL,'110.77.0.196','获取文章列表第01页','2018-02-16 01:37:07'),
	(1505,NULL,NULL,'110.77.0.196','获取文章列表第01页','2018-02-16 01:37:07'),
	(1506,NULL,NULL,'110.77.0.196','获取文章列表第01页','2018-02-16 01:37:08'),
	(1507,NULL,NULL,'110.77.0.196','获取文章列表第01页','2018-02-16 01:37:08'),
	(1508,NULL,NULL,'110.77.0.196','获取首页文章','2018-02-16 01:37:09'),
	(1509,NULL,NULL,'110.77.0.196','获取文章列表第01页','2018-02-16 01:37:09'),
	(1510,NULL,NULL,'110.77.0.196','获取文章列表第01页','2018-02-16 01:37:09'),
	(1511,NULL,NULL,'110.77.0.196','获取首页文章','2018-02-16 01:37:39'),
	(1512,NULL,NULL,'110.77.0.196','获取文章详情id=19','2018-02-16 01:37:41'),
	(1513,NULL,NULL,'110.77.0.196','获取首页文章','2018-02-16 02:15:55'),
	(1514,NULL,NULL,'110.77.0.196','获取文章列表第01页','2018-02-16 02:16:06'),
	(1515,'lhr',3,'110.77.0.196','添加文章id=null','2018-02-16 02:21:15'),
	(1516,'lhr',3,'110.77.0.196','添加文章id=null','2018-02-16 02:21:39'),
	(1517,'lhr',3,'110.77.0.196','添加文章id=null','2018-02-16 02:22:20'),
	(1518,NULL,NULL,'110.77.0.196','获取文章详情id=19','2018-02-16 02:22:26'),
	(1519,NULL,NULL,'110.77.0.196','获取文章详情id=19','2018-02-16 02:22:30'),
	(1520,'lhr',3,'110.77.0.196','修改文章id=19','2018-02-16 02:22:31'),
	(1521,NULL,NULL,'110.77.0.196','获取文章列表第01页','2018-02-16 02:22:44'),
	(1522,NULL,NULL,'110.77.0.196','获取文章详情id=18','2018-02-16 02:22:45'),
	(1523,NULL,NULL,'110.77.0.196','获取文章详情id=18','2018-02-16 02:22:47'),
	(1524,NULL,NULL,'47.94.52.159','获取首页文章','2018-02-16 02:46:31'),
	(1525,NULL,NULL,'110.77.0.196','获取文章列表第01页','2018-02-16 02:54:37'),
	(1526,NULL,NULL,'183.199.35.3','获取首页文章','2018-02-16 02:54:39'),
	(1527,NULL,NULL,'183.199.35.3','获取文章详情id=19','2018-02-16 02:54:51'),
	(1528,NULL,NULL,'183.199.35.3','获取文章列表第01页','2018-02-16 02:55:31'),
	(1529,NULL,NULL,'183.199.35.3','获取文章列表第01页','2018-02-16 02:55:31'),
	(1530,NULL,NULL,'183.199.35.3','获取文章详情id=18','2018-02-16 02:55:35'),
	(1531,NULL,NULL,'183.199.35.3','获取首页文章','2018-02-16 02:55:37'),
	(1532,NULL,NULL,'183.199.35.3','获取文章详情id=17','2018-02-16 02:55:38'),
	(1533,NULL,NULL,'183.199.35.3','获取文章列表第01页','2018-02-16 02:56:11'),
	(1534,NULL,NULL,'183.199.35.3','获取文章列表第01页','2018-02-16 02:56:11'),
	(1535,NULL,NULL,'110.77.0.196','获取文章详情id=19','2018-02-16 03:06:50'),
	(1536,NULL,NULL,'0:0:0:0:0:0:0:1','获取首页文章','2018-02-16 03:08:01'),
	(1537,NULL,NULL,'0:0:0:0:0:0:0:1','获取文章详情id=19','2018-02-16 03:08:03'),
	(1538,NULL,NULL,'110.77.0.196','获取文章详情id=19','2018-02-16 03:11:58'),
	(1539,NULL,NULL,'119.29.121.86','获取首页文章','2018-02-16 03:13:28'),
	(1540,NULL,NULL,'110.77.0.196','获取文章详情id=19','2018-02-16 03:18:55'),
	(1541,NULL,NULL,'110.77.0.196','获取文章详情id=19','2018-02-16 03:19:37'),
	(1542,NULL,NULL,'110.77.0.196','获取首页文章','2018-02-16 03:19:48'),
	(1543,NULL,NULL,'110.77.0.196','获取文章详情id=17','2018-02-16 03:19:51'),
	(1544,NULL,NULL,'110.77.0.196','获取文章列表第01页','2018-02-16 03:20:47'),
	(1545,NULL,NULL,'110.77.0.196','获取文章列表第01页','2018-02-16 03:21:17'),
	(1546,NULL,NULL,'110.77.0.196','获取文章详情id=17','2018-02-16 03:21:20'),
	(1547,NULL,NULL,'110.77.0.196','获取文章详情id=17','2018-02-16 03:22:35'),
	(1548,'lhr',3,'110.77.0.196','修改文章id=17','2018-02-16 03:22:35'),
	(1549,NULL,NULL,'0:0:0:0:0:0:0:1','获取首页文章','2018-02-16 03:22:37'),
	(1550,NULL,NULL,'110.77.0.196','获取文章详情id=17','2018-02-16 03:22:41'),
	(1551,NULL,NULL,'0:0:0:0:0:0:0:1','获取首页文章','2018-02-16 03:22:41'),
	(1552,NULL,NULL,'0:0:0:0:0:0:0:1','获取首页文章','2018-02-16 03:22:45'),
	(1553,NULL,NULL,'0:0:0:0:0:0:0:1','获取文章列表第01页','2018-02-16 03:22:46'),
	(1554,NULL,NULL,'0:0:0:0:0:0:0:1','获取文章列表第01页','2018-02-16 03:22:46'),
	(1555,NULL,NULL,'110.77.0.196','获取首页文章','2018-02-16 03:22:52'),
	(1556,NULL,NULL,'0:0:0:0:0:0:0:1','获取文章列表第01页','2018-02-16 03:22:52'),
	(1557,NULL,NULL,'0:0:0:0:0:0:0:1','获取文章列表第01页','2018-02-16 03:22:52'),
	(1558,NULL,NULL,'0:0:0:0:0:0:0:1','获取文章列表第01页','2018-02-16 03:22:52'),
	(1559,NULL,NULL,'0:0:0:0:0:0:0:1','获取文章列表第01页','2018-02-16 03:22:53'),
	(1560,NULL,NULL,'110.77.0.196','获取文章列表第01页','2018-02-16 03:22:55'),
	(1561,NULL,NULL,'110.77.0.196','获取文章列表第01页','2018-02-16 03:22:55'),
	(1562,NULL,NULL,'110.77.0.196','获取文章列表第01页','2018-02-16 03:24:56'),
	(1563,NULL,NULL,'110.77.0.196','获取文章详情id=17','2018-02-16 03:24:58'),
	(1564,NULL,NULL,'110.77.0.196','获取文章详情id=17','2018-02-16 03:25:05'),
	(1565,'lhr',3,'110.77.0.196','修改文章id=17','2018-02-16 03:25:05'),
	(1566,NULL,NULL,'0:0:0:0:0:0:0:1','获取文章详情id=19','2018-02-16 03:25:14'),
	(1567,NULL,NULL,'0:0:0:0:0:0:0:1','获取文章详情id=17','2018-02-16 03:25:18'),
	(1568,NULL,NULL,'0:0:0:0:0:0:0:1','获取首页文章','2018-02-16 03:25:35'),
	(1569,NULL,NULL,'0:0:0:0:0:0:0:1','获取文章列表第01页','2018-02-16 03:25:36'),
	(1570,NULL,NULL,'0:0:0:0:0:0:0:1','获取文章列表第01页','2018-02-16 03:25:36'),
	(1571,NULL,NULL,'0:0:0:0:0:0:0:1','获取文章列表第01页','2018-02-16 03:25:39'),
	(1572,NULL,NULL,'0:0:0:0:0:0:0:1','获取文章列表第01页','2018-02-16 03:25:39'),
	(1573,NULL,NULL,'0:0:0:0:0:0:0:1','获取文章列表第01页','2018-02-16 03:25:40'),
	(1574,NULL,NULL,'0:0:0:0:0:0:0:1','获取文章列表第01页','2018-02-16 03:25:40'),
	(1575,NULL,NULL,'110.77.0.196','获取文章列表第01页','2018-02-16 03:25:58'),
	(1576,NULL,NULL,'110.77.0.196','获取文章列表第01页','2018-02-16 03:27:58'),
	(1577,'lhr',3,'110.77.0.196','添加文章id=null','2018-02-16 03:28:15'),
	(1578,NULL,NULL,'110.77.0.196','获取文章列表第01页','2018-02-16 03:28:18'),
	(1579,NULL,NULL,'0:0:0:0:0:0:0:1','获取文章列表第01页','2018-02-16 03:28:22'),
	(1580,NULL,NULL,'0:0:0:0:0:0:0:1','获取文章列表第01页','2018-02-16 03:28:22'),
	(1581,NULL,NULL,'0:0:0:0:0:0:0:1','获取文章详情id=20','2018-02-16 03:28:52'),
	(1582,NULL,NULL,'110.77.0.196','获取文章列表第01页','2018-02-16 03:29:14'),
	(1583,NULL,NULL,'110.77.0.196','获取文章详情id=20','2018-02-16 03:29:19'),
	(1584,NULL,NULL,'110.77.0.196','获取文章列表第01页','2018-02-16 03:29:23'),
	(1585,NULL,NULL,'0:0:0:0:0:0:0:1','获取文章列表第01页','2018-02-16 03:29:36'),
	(1586,NULL,NULL,'0:0:0:0:0:0:0:1','获取文章列表第01页','2018-02-16 03:29:36'),
	(1587,NULL,NULL,'0:0:0:0:0:0:0:1','获取首页文章','2018-02-16 03:29:39'),
	(1588,NULL,NULL,'106.34.0.65','获取首页文章','2018-02-16 03:35:24'),
	(1589,NULL,NULL,'106.34.0.65','获取文章详情id=17','2018-02-16 03:35:40'),
	(1590,NULL,NULL,'106.34.0.65','获取文章详情id=19','2018-02-16 03:36:23'),
	(1591,NULL,NULL,'106.34.0.65','获取文章列表第01页','2018-02-16 03:37:00'),
	(1592,NULL,NULL,'106.34.0.65','获取文章列表第01页','2018-02-16 03:37:00'),
	(1593,NULL,NULL,'106.34.0.65','获取文章详情id=20','2018-02-16 03:37:41'),
	(1594,NULL,NULL,'66.249.65.89','获取文章详情id=19','2018-02-16 04:18:07'),
	(1595,NULL,NULL,'66.249.65.133','获取首页文章','2018-02-16 04:40:06'),
	(1596,NULL,NULL,'210.187.210.236','获取首页文章','2018-02-16 04:51:50'),
	(1597,NULL,NULL,'139.162.79.87','获取首页文章','2018-02-16 05:22:09'),
	(1598,NULL,NULL,'140.205.205.25','获取首页文章','2018-02-16 06:01:13'),
	(1599,NULL,NULL,'38.142.119.122','获取首页文章','2018-02-16 07:27:03'),
	(1600,NULL,NULL,'114.215.45.79','获取首页文章','2018-02-16 08:04:29'),
	(1601,NULL,NULL,'60.191.38.77','获取首页文章','2018-02-16 09:39:28'),
	(1602,NULL,NULL,'66.249.65.133','获取首页文章','2018-02-16 10:22:36'),
	(1603,NULL,NULL,'66.249.65.133','获取文章详情id=20','2018-02-16 10:22:41'),
	(1604,NULL,NULL,'66.249.65.137','获取首页文章','2018-02-16 10:42:52'),
	(1605,NULL,NULL,'66.249.65.137','获取首页文章','2018-02-16 13:25:49'),
	(1606,NULL,NULL,'107.170.237.80','获取首页文章','2018-02-16 14:13:16'),
	(1607,NULL,NULL,'182.18.59.152','获取首页文章','2018-02-16 14:44:17'),
	(1608,NULL,NULL,'106.34.0.65','获取首页文章','2018-02-16 14:49:34'),
	(1609,NULL,NULL,'106.34.0.65','获取文章详情id=18','2018-02-16 14:49:43'),
	(1610,NULL,NULL,'183.187.7.169','获取首页文章','2018-02-16 15:23:19'),
	(1611,NULL,NULL,'118.212.204.222','获取首页文章','2018-02-16 15:55:34'),
	(1612,NULL,NULL,'114.215.45.79','获取首页文章','2018-02-16 16:05:22'),
	(1613,NULL,NULL,'141.212.122.96','获取首页文章','2018-02-16 16:54:04'),
	(1614,NULL,NULL,'106.2.124.185','获取首页文章','2018-02-16 16:56:45'),
	(1615,NULL,NULL,'115.134.169.89','获取首页文章','2018-02-16 18:18:37'),
	(1616,NULL,NULL,'92.104.103.226','获取首页文章','2018-02-16 18:47:59'),
	(1617,NULL,NULL,'92.104.103.226','获取首页文章','2018-02-16 18:48:03'),
	(1618,NULL,NULL,'92.104.103.226','获取首页文章','2018-02-16 18:48:04'),
	(1619,NULL,NULL,'47.88.77.115','获取首页文章','2018-02-16 20:25:49'),
	(1620,NULL,NULL,'119.147.207.152','获取首页文章','2018-02-16 20:47:03'),
	(1621,NULL,NULL,'140.205.225.197','获取首页文章','2018-02-16 21:15:00'),
	(1622,NULL,NULL,'140.205.225.197','获取首页文章','2018-02-16 21:27:56'),
	(1623,NULL,NULL,'42.236.99.79','获取首页文章','2018-02-16 21:33:46'),
	(1624,NULL,NULL,'140.205.225.197','获取首页文章','2018-02-16 21:38:50'),
	(1625,NULL,NULL,'140.205.225.197','获取首页文章','2018-02-16 22:33:55'),
	(1626,NULL,NULL,'140.205.225.197','获取首页文章','2018-02-16 22:42:53'),
	(1627,NULL,NULL,'140.205.225.197','获取首页文章','2018-02-16 22:47:56'),
	(1628,NULL,NULL,'114.215.45.101','获取首页文章','2018-02-17 00:15:25'),
	(1629,NULL,NULL,'66.249.65.133','获取首页文章','2018-02-17 00:17:52'),
	(1630,NULL,NULL,'47.97.16.76','获取首页文章','2018-02-17 00:23:36'),
	(1631,NULL,NULL,'47.96.254.10','获取首页文章','2018-02-17 01:50:02'),
	(1632,NULL,NULL,'193.248.131.177','获取首页文章','2018-02-17 02:20:18'),
	(1633,NULL,NULL,'66.249.65.137','获取文章详情id=19','2018-02-17 03:25:59'),
	(1634,NULL,NULL,'66.249.65.135','获取文章详情id=20','2018-02-17 03:51:30'),
	(1635,NULL,NULL,'123.59.56.127','获取首页文章','2018-02-17 05:07:04'),
	(1636,NULL,NULL,'140.205.205.23','获取首页文章','2018-02-17 05:48:31'),
	(1637,NULL,NULL,'47.93.112.232','获取首页文章','2018-02-17 08:18:28'),
	(1638,NULL,NULL,'49.119.164.159','获取首页文章','2018-02-17 08:55:08'),
	(1639,NULL,NULL,'54.183.130.127','获取首页文章','2018-02-17 10:11:37'),
	(1640,NULL,NULL,'196.52.43.114','获取首页文章','2018-02-17 12:57:54'),
	(1641,NULL,NULL,'14.47.154.123','获取首页文章','2018-02-17 15:19:32'),
	(1642,NULL,NULL,'114.215.45.101','获取首页文章','2018-02-17 16:15:25'),
	(1643,NULL,NULL,'183.199.35.3','获取首页文章','2018-02-17 17:26:41'),
	(1644,NULL,NULL,'183.199.35.3','获取文章详情id=20','2018-02-17 17:26:53'),
	(1645,NULL,NULL,'139.162.79.87','获取首页文章','2018-02-17 18:04:56'),
	(1646,NULL,NULL,'140.205.225.192','获取首页文章','2018-02-17 18:14:16'),
	(1647,NULL,NULL,'140.205.225.192','获取首页文章','2018-02-17 18:28:44'),
	(1648,NULL,NULL,'106.38.241.171','获取首页文章','2018-02-17 20:51:55'),
	(1649,NULL,NULL,'60.191.52.254','获取首页文章','2018-02-17 21:20:28'),
	(1650,NULL,NULL,'106.120.173.134','获取首页文章','2018-02-17 22:40:17'),
	(1651,NULL,NULL,'47.93.112.232','获取首页文章','2018-02-18 00:07:47'),
	(1652,NULL,NULL,'39.107.14.208','获取首页文章','2018-02-18 00:57:37'),
	(1653,NULL,NULL,'47.203.94.124','获取首页文章','2018-02-18 01:30:08'),
	(1654,NULL,NULL,'82.164.186.67','获取首页文章','2018-02-18 02:50:14'),
	(1655,NULL,NULL,'47.97.21.76','获取首页文章','2018-02-18 03:23:40'),
	(1656,NULL,NULL,'177.65.150.108','获取首页文章','2018-02-18 05:16:14'),
	(1657,NULL,NULL,'140.205.205.25','获取首页文章','2018-02-18 05:40:45'),
	(1658,NULL,NULL,'47.93.90.175','获取首页文章','2018-02-18 08:05:06'),
	(1659,NULL,NULL,'106.38.241.171','获取文章详情id=18','2018-02-18 10:02:38'),
	(1660,NULL,NULL,'106.38.241.171','获取文章详情id=17','2018-02-18 10:02:48'),
	(1661,NULL,NULL,'218.13.194.87','获取首页文章','2018-02-18 14:15:00'),
	(1662,NULL,NULL,'94.102.49.193','获取首页文章','2018-02-18 14:24:32'),
	(1663,NULL,NULL,'114.215.45.101','获取首页文章','2018-02-18 16:08:28'),
	(1664,NULL,NULL,'60.191.38.77','获取首页文章','2018-02-18 18:57:52'),
	(1665,NULL,NULL,'183.199.35.3','获取首页文章','2018-02-18 20:32:25'),
	(1666,NULL,NULL,'183.199.35.3','获取文章列表第01页','2018-02-18 20:32:52'),
	(1667,NULL,NULL,'183.199.35.3','获取文章列表第01页','2018-02-18 20:32:52'),
	(1668,NULL,NULL,'183.199.35.3','获取首页文章','2018-02-18 20:32:53'),
	(1669,NULL,NULL,'183.199.35.3','获取文章列表第01页','2018-02-18 20:32:58'),
	(1670,NULL,NULL,'183.199.35.3','获取文章列表第01页','2018-02-18 20:32:58'),
	(1671,NULL,NULL,'183.199.35.3','获取文章详情id=20','2018-02-18 20:33:15'),
	(1672,NULL,NULL,'137.226.113.20','获取首页文章','2018-02-18 20:57:03'),
	(1673,NULL,NULL,'42.236.99.72','获取首页文章','2018-02-18 21:33:06'),
	(1674,NULL,NULL,'114.215.45.101','获取首页文章','2018-02-19 00:05:41'),
	(1675,NULL,NULL,'171.11.5.72','获取首页文章','2018-02-19 00:09:19'),
	(1676,NULL,NULL,'47.97.10.19','获取首页文章','2018-02-19 00:36:56'),
	(1677,NULL,NULL,'47.97.10.19','获取首页文章','2018-02-19 02:38:13'),
	(1678,NULL,NULL,'46.236.73.16','获取首页文章','2018-02-19 03:19:38'),
	(1679,NULL,NULL,'172.104.28.33','获取首页文章','2018-02-19 05:18:06'),
	(1680,NULL,NULL,'140.205.205.25','获取首页文章','2018-02-19 05:29:45'),
	(1681,NULL,NULL,'114.215.45.101','获取首页文章','2018-02-19 08:14:40'),
	(1682,NULL,NULL,'116.62.176.205','获取首页文章','2018-02-19 16:14:26'),
	(1683,NULL,NULL,'66.240.205.34','获取首页文章','2018-02-19 17:04:30'),
	(1684,NULL,NULL,'107.170.252.129','获取首页文章','2018-02-19 17:15:51'),
	(1685,NULL,NULL,'140.205.225.198','获取首页文章','2018-02-19 20:31:19'),
	(1686,NULL,NULL,'140.205.225.198','获取首页文章','2018-02-19 20:48:58'),
	(1687,NULL,NULL,'140.205.225.198','获取首页文章','2018-02-19 21:16:15'),
	(1688,NULL,NULL,'140.205.225.194','获取首页文章','2018-02-19 21:18:29'),
	(1689,NULL,NULL,'140.205.225.194','获取首页文章','2018-02-19 21:20:38'),
	(1690,NULL,NULL,'140.205.225.194','获取首页文章','2018-02-19 21:24:29'),
	(1691,NULL,NULL,'140.205.225.198','获取首页文章','2018-02-19 21:42:09'),
	(1692,NULL,NULL,'140.205.225.194','获取首页文章','2018-02-19 21:49:51'),
	(1693,NULL,NULL,'140.205.225.194','获取首页文章','2018-02-19 21:54:46'),
	(1694,NULL,NULL,'140.205.225.198','获取首页文章','2018-02-19 21:56:59'),
	(1695,NULL,NULL,'140.205.225.198','获取首页文章','2018-02-19 22:00:14'),
	(1696,NULL,NULL,'140.205.225.194','获取首页文章','2018-02-19 22:08:14'),
	(1697,NULL,NULL,'106.120.173.89','获取首页文章','2018-02-19 22:15:57'),
	(1698,NULL,NULL,'209.126.136.4','获取首页文章','2018-02-19 22:37:31'),
	(1699,NULL,NULL,'60.191.38.77','获取首页文章','2018-02-19 23:06:26'),
	(1700,NULL,NULL,'114.215.45.101','获取首页文章','2018-02-20 00:06:49'),
	(1701,NULL,NULL,'47.97.16.6','获取首页文章','2018-02-20 00:31:27'),
	(1702,NULL,NULL,'47.94.52.138','获取首页文章','2018-02-20 01:52:36'),
	(1703,NULL,NULL,'89.248.167.131','获取首页文章','2018-02-20 03:07:26'),
	(1704,NULL,NULL,'109.104.3.36','获取首页文章','2018-02-20 03:19:42'),
	(1705,NULL,NULL,'140.205.205.25','获取首页文章','2018-02-20 05:32:20'),
	(1706,NULL,NULL,'123.59.56.127','获取首页文章','2018-02-20 05:58:05'),
	(1707,NULL,NULL,'38.142.119.106','获取首页文章','2018-02-20 07:06:46'),
	(1708,NULL,NULL,'42.236.12.170','获取首页文章','2018-02-20 07:37:05'),
	(1709,NULL,NULL,'116.62.176.205','获取首页文章','2018-02-20 08:06:21'),
	(1710,NULL,NULL,'180.153.236.109','获取首页文章','2018-02-20 08:31:22'),
	(1711,NULL,NULL,'66.249.79.73','获取首页文章','2018-02-20 12:53:31'),
	(1712,NULL,NULL,'66.249.79.71','获取首页文章','2018-02-20 13:14:13'),
	(1713,NULL,NULL,'47.93.90.175','获取首页文章','2018-02-20 16:06:10'),
	(1714,NULL,NULL,'109.207.192.223','获取首页文章','2018-02-20 16:20:03'),
	(1715,NULL,NULL,'58.218.213.82','获取首页文章','2018-02-20 17:23:50'),
	(1716,NULL,NULL,'47.203.94.124','获取首页文章','2018-02-20 19:56:21'),
	(1717,NULL,NULL,'140.205.225.194','获取首页文章','2018-02-20 21:36:49'),
	(1718,NULL,NULL,'220.181.124.1','获取首页文章','2018-02-20 21:37:01'),
	(1719,NULL,NULL,'140.205.225.194','获取首页文章','2018-02-20 21:54:09'),
	(1720,NULL,NULL,'140.205.225.194','获取首页文章','2018-02-20 22:21:40'),
	(1721,NULL,NULL,'140.205.225.194','获取首页文章','2018-02-20 22:48:42'),
	(1722,NULL,NULL,'140.205.225.194','获取首页文章','2018-02-20 22:50:59'),
	(1723,NULL,NULL,'140.205.225.194','获取首页文章','2018-02-20 22:51:09'),
	(1724,NULL,NULL,'66.249.79.75','获取首页文章','2018-02-20 23:48:30'),
	(1725,NULL,NULL,'114.215.45.79','获取首页文章','2018-02-21 00:16:01'),
	(1726,NULL,NULL,'47.94.39.226','获取首页文章','2018-02-21 01:10:49'),
	(1727,NULL,NULL,'82.221.105.7','获取首页文章','2018-02-21 01:21:28'),
	(1728,NULL,NULL,'112.65.7.239','获取首页文章','2018-02-21 01:24:16'),
	(1729,NULL,NULL,'221.0.18.76','获取首页文章','2018-02-21 01:24:16'),
	(1730,NULL,NULL,'125.84.177.174','获取首页文章','2018-02-21 01:24:18'),
	(1731,NULL,NULL,'112.66.99.155','获取首页文章','2018-02-21 01:24:19'),
	(1732,NULL,NULL,'150.255.84.9','获取首页文章','2018-02-21 01:24:19'),
	(1733,NULL,NULL,'124.235.138.183','获取首页文章','2018-02-21 01:24:24'),
	(1734,NULL,NULL,'66.249.79.71','获取首页文章','2018-02-21 02:01:57'),
	(1735,NULL,NULL,'66.249.79.75','获取首页文章','2018-02-21 02:45:40'),
	(1736,NULL,NULL,'118.31.244.58','获取首页文章','2018-02-21 05:10:46'),
	(1737,NULL,NULL,'66.249.79.75','获取首页文章','2018-02-21 05:32:54'),
	(1738,NULL,NULL,'66.249.79.47','获取文章列表第01页','2018-02-21 06:33:52'),
	(1739,NULL,NULL,'66.249.79.47','获取文章列表第01页','2018-02-21 06:33:52'),
	(1740,NULL,NULL,'47.93.90.175','获取首页文章','2018-02-21 08:07:50'),
	(1741,NULL,NULL,'66.249.79.44','获取首页文章','2018-02-21 08:20:22'),
	(1742,NULL,NULL,'139.162.79.87','获取首页文章','2018-02-21 08:56:50'),
	(1743,NULL,NULL,'66.249.79.44','获取首页文章','2018-02-21 10:12:31'),
	(1744,NULL,NULL,'66.249.79.41','获取首页文章','2018-02-21 10:53:05'),
	(1745,NULL,NULL,'66.249.64.73','获取首页文章','2018-02-21 11:28:41'),
	(1746,NULL,NULL,'66.249.64.73','获取首页文章','2018-02-21 13:25:52'),
	(1747,NULL,NULL,'66.249.64.71','获取首页文章','2018-02-21 14:06:24'),
	(1748,NULL,NULL,'124.197.92.18','获取首页文章','2018-02-21 15:51:45'),
	(1749,NULL,NULL,'66.249.64.73','获取首页文章','2018-02-21 15:52:21'),
	(1750,NULL,NULL,'47.93.112.232','获取首页文章','2018-02-21 16:13:23'),
	(1751,NULL,NULL,'66.249.64.71','获取文章列表第01页','2018-02-21 16:33:12'),
	(1752,NULL,NULL,'66.249.64.71','获取文章列表第01页','2018-02-21 16:33:12'),
	(1753,NULL,NULL,'66.249.64.71','获取文章详情id=17','2018-02-21 16:58:52'),
	(1754,NULL,NULL,'42.236.99.16','获取首页文章','2018-02-21 20:34:10'),
	(1755,NULL,NULL,'60.191.38.77','获取首页文章','2018-02-21 21:22:33'),
	(1756,NULL,NULL,'101.236.29.99','获取首页文章','2018-02-21 21:27:01'),
	(1757,NULL,NULL,'106.38.241.67','获取首页文章','2018-02-21 21:44:00'),
	(1758,NULL,NULL,'54.183.130.127','获取首页文章','2018-02-21 22:29:53'),
	(1759,NULL,NULL,'47.203.94.124','获取首页文章','2018-02-21 22:49:39'),
	(1760,NULL,NULL,'116.62.176.205','获取首页文章','2018-02-22 00:06:42'),
	(1761,NULL,NULL,'47.94.52.138','获取首页文章','2018-02-22 00:44:33'),
	(1762,NULL,NULL,'47.100.64.9','获取首页文章','2018-02-22 02:11:42'),
	(1763,NULL,NULL,'109.230.19.197','获取首页文章','2018-02-22 04:20:18'),
	(1764,NULL,NULL,'140.205.205.23','获取首页文章','2018-02-22 07:41:46'),
	(1765,NULL,NULL,'47.93.90.175','获取首页文章','2018-02-22 08:05:47'),
	(1766,NULL,NULL,'171.11.4.95','获取首页文章','2018-02-22 09:42:17'),
	(1767,NULL,NULL,'171.11.4.95','获取文章详情id=20','2018-02-22 09:42:20'),
	(1768,NULL,NULL,'171.11.4.95','获取文章详情id=20','2018-02-22 09:42:34'),
	(1769,NULL,NULL,'171.11.4.95','获取首页文章','2018-02-22 09:42:54'),
	(1770,NULL,NULL,'171.11.4.95','获取文章详情id=17','2018-02-22 09:52:48'),
	(1771,NULL,NULL,'171.11.4.95','获取文章列表第01页','2018-02-22 09:53:54'),
	(1772,NULL,NULL,'171.11.4.95','获取文章详情id=17','2018-02-22 09:53:57'),
	(1773,NULL,NULL,'171.11.4.95','获取文章详情id=17','2018-02-22 09:55:38'),
	(1774,NULL,NULL,'171.11.4.95','获取文章详情id=17','2018-02-22 09:56:38'),
	(1775,'lhr',3,'171.11.4.95','修改文章id=17','2018-02-22 09:56:38'),
	(1776,NULL,NULL,'171.11.4.95','获取文章列表第01页','2018-02-22 09:56:42'),
	(1777,NULL,NULL,'171.11.4.95','获取文章列表第01页','2018-02-22 09:56:44'),
	(1778,NULL,NULL,'171.11.4.95','获取文章列表第01页','2018-02-22 09:56:46'),
	(1779,NULL,NULL,'171.11.4.95','获取文章详情id=18','2018-02-22 09:56:51'),
	(1780,NULL,NULL,'171.11.4.95','获取文章详情id=18','2018-02-22 09:56:58'),
	(1781,NULL,NULL,'171.11.4.95','获取文章详情id=18','2018-02-22 09:57:01'),
	(1782,NULL,NULL,'0:0:0:0:0:0:0:1','获取文章列表第01页','2018-02-22 09:58:19'),
	(1783,NULL,NULL,'0:0:0:0:0:0:0:1','获取文章详情id=18','2018-02-22 09:58:21'),
	(1784,NULL,NULL,'0:0:0:0:0:0:0:1','获取文章详情id=18','2018-02-22 09:58:24'),
	(1785,NULL,NULL,'0:0:0:0:0:0:0:1','获取文章详情id=18','2018-02-22 09:59:53'),
	(1786,'admin',2,'0:0:0:0:0:0:0:1','修改文章id=18','2018-02-22 09:59:53'),
	(1787,NULL,NULL,'0:0:0:0:0:0:0:1','获取文章列表第01页','2018-02-22 09:59:57'),
	(1788,NULL,NULL,'0:0:0:0:0:0:0:1','获取文章列表第01页','2018-02-22 10:00:07'),
	(1789,NULL,NULL,'0:0:0:0:0:0:0:1','获取文章列表第01页','2018-02-22 10:05:04'),
	(1790,NULL,NULL,'0:0:0:0:0:0:0:1','获取文章列表第01页','2018-02-22 10:05:13'),
	(1791,NULL,NULL,'171.11.4.95','获取首页文章','2018-02-22 10:07:50'),
	(1792,NULL,NULL,'171.11.4.95','获取文章列表第01页','2018-02-22 10:13:17'),
	(1793,NULL,NULL,'171.11.4.95','获取文章详情id=20','2018-02-22 10:13:29'),
	(1794,NULL,NULL,'171.11.4.95','获取文章列表第01页','2018-02-22 10:17:42');

/*!40000 ALTER TABLE `log` ENABLE KEYS */;
UNLOCK TABLES;


# Dump of table tag
# ------------------------------------------------------------

DROP TABLE IF EXISTS `tag`;

CREATE TABLE `tag` (
  `id` int(11) unsigned NOT NULL AUTO_INCREMENT,
  `tag_content` varchar(20) NOT NULL DEFAULT '' COMMENT '标签内容',
  `tag_time` int(11) NOT NULL COMMENT '使用次数',
  PRIMARY KEY (`id`)
) ENGINE=InnoDB DEFAULT CHARSET=utf8mb4;

LOCK TABLES `tag` WRITE;
/*!40000 ALTER TABLE `tag` DISABLE KEYS */;

INSERT INTO `tag` (`id`, `tag_content`, `tag_time`)
VALUES
	(14,'博客',1),
	(15,'更新',1),
	(16,'更新记录',1),
	(17,'ssh',1),
	(18,'端口',1),
	(19,'spring',1),
	(20,'java',1),
	(21,'异常',1),
	(22,'spring-data',1);

/*!40000 ALTER TABLE `tag` ENABLE KEYS */;
UNLOCK TABLES;


# Dump of table user
# ------------------------------------------------------------

DROP TABLE IF EXISTS `user`;

CREATE TABLE `user` (
  `id` int(11) unsigned NOT NULL AUTO_INCREMENT,
  `login_name` varchar(20) NOT NULL DEFAULT '' COMMENT '登录名',
  `username` varchar(20) NOT NULL DEFAULT '' COMMENT '用户名',
  `password` varchar(128) DEFAULT '' COMMENT '密码',
  `token` varchar(128) DEFAULT '' COMMENT '登录令牌',
  `header_url` varchar(500) DEFAULT '' COMMENT '头像',
  `create_time` datetime DEFAULT CURRENT_TIMESTAMP COMMENT '创建时间',
  `update_time` datetime DEFAULT CURRENT_TIMESTAMP ON UPDATE CURRENT_TIMESTAMP COMMENT '更新时间',
  `last_login_ip` varchar(20) DEFAULT '' COMMENT '最后登陆ip',
  `last_login_address` varchar(30) DEFAULT '' COMMENT '最后登陆地点',
  `status` tinyint(1) NOT NULL DEFAULT '0' COMMENT '状态',
  `admin` tinyint(1) DEFAULT '0' COMMENT '管理员否',
  `type` tinyint(1) DEFAULT '0' COMMENT '账号类型',
  PRIMARY KEY (`id`)
) ENGINE=InnoDB DEFAULT CHARSET=utf8mb4;

LOCK TABLES `user` WRITE;
/*!40000 ALTER TABLE `user` DISABLE KEYS */;

INSERT INTO `user` (`id`, `login_name`, `username`, `password`, `token`, `header_url`, `create_time`, `update_time`, `last_login_ip`, `last_login_address`, `status`, `admin`, `type`)
VALUES
	(2,'admin','admin','BjgO9cx2D7LV2E+VM+aviQ==','LNlfs6uyulHPiFtpr/grRw==','','2018-01-25 20:16:45','2018-02-22 09:57:54','127.0.0.1','本机',0,1,0),
	(3,'lhr','lhr','BjgO9cx2D7LV2E+VM+aviQ==','4rPrlcf8JPf7wiN9YgfLpQ==','','2018-02-09 21:32:43','2018-02-22 10:17:40','127.0.0.1','本机',0,1,0),
	(4,'zzlhr','zzlhr','','ZmVmYzBkOGMtNDY2Ni00NDRjLTk2ZDEtODNlYThiYjAxZDVh','https://avatars0.githubusercontent.com/u/25954503','2018-02-11 11:11:06','2018-02-22 09:42:33','','',0,0,1);

/*!40000 ALTER TABLE `user` ENABLE KEYS */;
UNLOCK TABLES;



/*!40111 SET SQL_NOTES=@OLD_SQL_NOTES */;
/*!40101 SET SQL_MODE=@OLD_SQL_MODE */;
/*!40014 SET FOREIGN_KEY_CHECKS=@OLD_FOREIGN_KEY_CHECKS */;
/*!40101 SET CHARACTER_SET_CLIENT=@OLD_CHARACTER_SET_CLIENT */;
/*!40101 SET CHARACTER_SET_RESULTS=@OLD_CHARACTER_SET_RESULTS */;
/*!40101 SET COLLATION_CONNECTION=@OLD_COLLATION_CONNECTION */;
